-- Heavy seed: many users, courts, posts, sessions, tournaments, friends, messages (illusion of a widely used app)
-- Run after 0012. Uses INSERT OR IGNORE so demo data is preserved.

INSERT OR IGNORE INTO users (id, email, name, provider, provider_id, created_at) VALUES ('user-seed-1', 'user1@seed.pickleball.app', 'Morgan', 'seed', 'user1@seed.pickleball.app', datetime('now', '-6 days'));
INSERT OR IGNORE INTO users (id, email, name, provider, provider_id, created_at) VALUES ('user-seed-2', 'user2@seed.pickleball.app', 'Taylor', 'seed', 'user2@seed.pickleball.app', datetime('now', '-7 days'));
INSERT OR IGNORE INTO users (id, email, name, provider, provider_id, created_at) VALUES ('user-seed-3', 'user3@seed.pickleball.app', 'Jordan', 'seed', 'user3@seed.pickleball.app', datetime('now', '-8 days'));
INSERT OR IGNORE INTO users (id, email, name, provider, provider_id, created_at) VALUES ('user-seed-4', 'user4@seed.pickleball.app', 'Casey', 'seed', 'user4@seed.pickleball.app', datetime('now', '-9 days'));
INSERT OR IGNORE INTO users (id, email, name, provider, provider_id, created_at) VALUES ('user-seed-5', 'user5@seed.pickleball.app', 'Riley', 'seed', 'user5@seed.pickleball.app', datetime('now', '-10 days'));
INSERT OR IGNORE INTO users (id, email, name, provider, provider_id, created_at) VALUES ('user-seed-6', 'user6@seed.pickleball.app', 'Avery', 'seed', 'user6@seed.pickleball.app', datetime('now', '-11 days'));
INSERT OR IGNORE INTO users (id, email, name, provider, provider_id, created_at) VALUES ('user-seed-7', 'user7@seed.pickleball.app', 'Quinn', 'seed', 'user7@seed.pickleball.app', datetime('now', '-12 days'));
INSERT OR IGNORE INTO users (id, email, name, provider, provider_id, created_at) VALUES ('user-seed-8', 'user8@seed.pickleball.app', 'Reese', 'seed', 'user8@seed.pickleball.app', datetime('now', '-13 days'));
INSERT OR IGNORE INTO users (id, email, name, provider, provider_id, created_at) VALUES ('user-seed-9', 'user9@seed.pickleball.app', 'Jamie', 'seed', 'user9@seed.pickleball.app', datetime('now', '-14 days'));
INSERT OR IGNORE INTO users (id, email, name, provider, provider_id, created_at) VALUES ('user-seed-10', 'user10@seed.pickleball.app', 'Drew', 'seed', 'user10@seed.pickleball.app', datetime('now', '-15 days'));
INSERT OR IGNORE INTO users (id, email, name, provider, provider_id, created_at) VALUES ('user-seed-11', 'user11@seed.pickleball.app', 'Blake', 'seed', 'user11@seed.pickleball.app', datetime('now', '-16 days'));
INSERT OR IGNORE INTO users (id, email, name, provider, provider_id, created_at) VALUES ('user-seed-12', 'user12@seed.pickleball.app', 'Cameron', 'seed', 'user12@seed.pickleball.app', datetime('now', '-17 days'));
INSERT OR IGNORE INTO users (id, email, name, provider, provider_id, created_at) VALUES ('user-seed-13', 'user13@seed.pickleball.app', 'Skyler', 'seed', 'user13@seed.pickleball.app', datetime('now', '-18 days'));
INSERT OR IGNORE INTO users (id, email, name, provider, provider_id, created_at) VALUES ('user-seed-14', 'user14@seed.pickleball.app', 'Parker', 'seed', 'user14@seed.pickleball.app', datetime('now', '-19 days'));
INSERT OR IGNORE INTO users (id, email, name, provider, provider_id, created_at) VALUES ('user-seed-15', 'user15@seed.pickleball.app', 'Finley', 'seed', 'user15@seed.pickleball.app', datetime('now', '-20 days'));
INSERT OR IGNORE INTO users (id, email, name, provider, provider_id, created_at) VALUES ('user-seed-16', 'user16@seed.pickleball.app', 'Sage', 'seed', 'user16@seed.pickleball.app', datetime('now', '-21 days'));
INSERT OR IGNORE INTO users (id, email, name, provider, provider_id, created_at) VALUES ('user-seed-17', 'user17@seed.pickleball.app', 'Alex', 'seed', 'user17@seed.pickleball.app', datetime('now', '-22 days'));
INSERT OR IGNORE INTO users (id, email, name, provider, provider_id, created_at) VALUES ('user-seed-18', 'user18@seed.pickleball.app', 'Sam', 'seed', 'user18@seed.pickleball.app', datetime('now', '-23 days'));
INSERT OR IGNORE INTO users (id, email, name, provider, provider_id, created_at) VALUES ('user-seed-19', 'user19@seed.pickleball.app', 'Chris', 'seed', 'user19@seed.pickleball.app', datetime('now', '-24 days'));
INSERT OR IGNORE INTO users (id, email, name, provider, provider_id, created_at) VALUES ('user-seed-20', 'user20@seed.pickleball.app', 'Pat', 'seed', 'user20@seed.pickleball.app', datetime('now', '-25 days'));
INSERT OR IGNORE INTO users (id, email, name, provider, provider_id, created_at) VALUES ('user-seed-21', 'user21@seed.pickleball.app', 'Robin', 'seed', 'user21@seed.pickleball.app', datetime('now', '-26 days'));
INSERT OR IGNORE INTO users (id, email, name, provider, provider_id, created_at) VALUES ('user-seed-22', 'user22@seed.pickleball.app', 'Jesse', 'seed', 'user22@seed.pickleball.app', datetime('now', '-27 days'));
INSERT OR IGNORE INTO users (id, email, name, provider, provider_id, created_at) VALUES ('user-seed-23', 'user23@seed.pickleball.app', 'Dakota', 'seed', 'user23@seed.pickleball.app', datetime('now', '-28 days'));
INSERT OR IGNORE INTO users (id, email, name, provider, provider_id, created_at) VALUES ('user-seed-24', 'user24@seed.pickleball.app', 'River', 'seed', 'user24@seed.pickleball.app', datetime('now', '-29 days'));
INSERT OR IGNORE INTO users (id, email, name, provider, provider_id, created_at) VALUES ('user-seed-25', 'user25@seed.pickleball.app', 'Emma', 'seed', 'user25@seed.pickleball.app', datetime('now', '-30 days'));
INSERT OR IGNORE INTO users (id, email, name, provider, provider_id, created_at) VALUES ('user-seed-26', 'user26@seed.pickleball.app', 'Liam', 'seed', 'user26@seed.pickleball.app', datetime('now', '-31 days'));
INSERT OR IGNORE INTO users (id, email, name, provider, provider_id, created_at) VALUES ('user-seed-27', 'user27@seed.pickleball.app', 'Olivia', 'seed', 'user27@seed.pickleball.app', datetime('now', '-32 days'));
INSERT OR IGNORE INTO users (id, email, name, provider, provider_id, created_at) VALUES ('user-seed-28', 'user28@seed.pickleball.app', 'Noah', 'seed', 'user28@seed.pickleball.app', datetime('now', '-33 days'));
INSERT OR IGNORE INTO users (id, email, name, provider, provider_id, created_at) VALUES ('user-seed-29', 'user29@seed.pickleball.app', 'Ava', 'seed', 'user29@seed.pickleball.app', datetime('now', '-34 days'));
INSERT OR IGNORE INTO users (id, email, name, provider, provider_id, created_at) VALUES ('user-seed-30', 'user30@seed.pickleball.app', 'Ethan', 'seed', 'user30@seed.pickleball.app', datetime('now', '-35 days'));
INSERT OR IGNORE INTO users (id, email, name, provider, provider_id, created_at) VALUES ('user-seed-31', 'user31@seed.pickleball.app', 'Sophia', 'seed', 'user31@seed.pickleball.app', datetime('now', '-36 days'));
INSERT OR IGNORE INTO users (id, email, name, provider, provider_id, created_at) VALUES ('user-seed-32', 'user32@seed.pickleball.app', 'Mason', 'seed', 'user32@seed.pickleball.app', datetime('now', '-37 days'));
INSERT OR IGNORE INTO users (id, email, name, provider, provider_id, created_at) VALUES ('user-seed-33', 'user33@seed.pickleball.app', 'Isabella', 'seed', 'user33@seed.pickleball.app', datetime('now', '-38 days'));
INSERT OR IGNORE INTO users (id, email, name, provider, provider_id, created_at) VALUES ('user-seed-34', 'user34@seed.pickleball.app', 'William', 'seed', 'user34@seed.pickleball.app', datetime('now', '-39 days'));
INSERT OR IGNORE INTO users (id, email, name, provider, provider_id, created_at) VALUES ('user-seed-35', 'user35@seed.pickleball.app', 'Mia', 'seed', 'user35@seed.pickleball.app', datetime('now', '-40 days'));
INSERT OR IGNORE INTO users (id, email, name, provider, provider_id, created_at) VALUES ('user-seed-36', 'user36@seed.pickleball.app', 'James', 'seed', 'user36@seed.pickleball.app', datetime('now', '-41 days'));
INSERT OR IGNORE INTO users (id, email, name, provider, provider_id, created_at) VALUES ('user-seed-37', 'user37@seed.pickleball.app', 'Charlotte', 'seed', 'user37@seed.pickleball.app', datetime('now', '-42 days'));
INSERT OR IGNORE INTO users (id, email, name, provider, provider_id, created_at) VALUES ('user-seed-38', 'user38@seed.pickleball.app', 'Ben', 'seed', 'user38@seed.pickleball.app', datetime('now', '-43 days'));
INSERT OR IGNORE INTO users (id, email, name, provider, provider_id, created_at) VALUES ('user-seed-39', 'user39@seed.pickleball.app', 'Harper', 'seed', 'user39@seed.pickleball.app', datetime('now', '-44 days'));
INSERT OR IGNORE INTO users (id, email, name, provider, provider_id, created_at) VALUES ('user-seed-40', 'user40@seed.pickleball.app', 'Lucas', 'seed', 'user40@seed.pickleball.app', datetime('now', '-45 days'));
INSERT OR IGNORE INTO users (id, email, name, provider, provider_id, created_at) VALUES ('user-seed-41', 'user41@seed.pickleball.app', 'Evelyn', 'seed', 'user41@seed.pickleball.app', datetime('now', '-46 days'));
INSERT OR IGNORE INTO users (id, email, name, provider, provider_id, created_at) VALUES ('user-seed-42', 'user42@seed.pickleball.app', 'Henry', 'seed', 'user42@seed.pickleball.app', datetime('now', '-47 days'));
INSERT OR IGNORE INTO users (id, email, name, provider, provider_id, created_at) VALUES ('user-seed-43', 'user43@seed.pickleball.app', 'Amelia', 'seed', 'user43@seed.pickleball.app', datetime('now', '-48 days'));
INSERT OR IGNORE INTO users (id, email, name, provider, provider_id, created_at) VALUES ('user-seed-44', 'user44@seed.pickleball.app', 'Jack', 'seed', 'user44@seed.pickleball.app', datetime('now', '-49 days'));
INSERT OR IGNORE INTO users (id, email, name, provider, provider_id, created_at) VALUES ('user-seed-45', 'user45@seed.pickleball.app', 'Ella', 'seed', 'user45@seed.pickleball.app', datetime('now', '-50 days'));
INSERT OR IGNORE INTO users (id, email, name, provider, provider_id, created_at) VALUES ('user-seed-46', 'user46@seed.pickleball.app', 'Owen', 'seed', 'user46@seed.pickleball.app', datetime('now', '-51 days'));
INSERT OR IGNORE INTO users (id, email, name, provider, provider_id, created_at) VALUES ('user-seed-47', 'user47@seed.pickleball.app', 'Scarlett', 'seed', 'user47@seed.pickleball.app', datetime('now', '-52 days'));
INSERT OR IGNORE INTO users (id, email, name, provider, provider_id, created_at) VALUES ('user-seed-48', 'user48@seed.pickleball.app', 'Leo', 'seed', 'user48@seed.pickleball.app', datetime('now', '-53 days'));
INSERT OR IGNORE INTO users (id, email, name, provider, provider_id, created_at) VALUES ('user-seed-49', 'user49@seed.pickleball.app', 'Grace', 'seed', 'user49@seed.pickleball.app', datetime('now', '-54 days'));
INSERT OR IGNORE INTO users (id, email, name, provider, provider_id, created_at) VALUES ('user-seed-50', 'user50@seed.pickleball.app', 'Luke', 'seed', 'user50@seed.pickleball.app', datetime('now', '-55 days'));
INSERT OR IGNORE INTO users (id, email, name, provider, provider_id, created_at) VALUES ('user-seed-51', 'user51@seed.pickleball.app', 'Chloe', 'seed', 'user51@seed.pickleball.app', datetime('now', '-56 days'));
INSERT OR IGNORE INTO users (id, email, name, provider, provider_id, created_at) VALUES ('user-seed-52', 'user52@seed.pickleball.app', 'Hudson', 'seed', 'user52@seed.pickleball.app', datetime('now', '-57 days'));
INSERT OR IGNORE INTO users (id, email, name, provider, provider_id, created_at) VALUES ('user-seed-53', 'user53@seed.pickleball.app', 'Victoria', 'seed', 'user53@seed.pickleball.app', datetime('now', '-58 days'));
INSERT OR IGNORE INTO users (id, email, name, provider, provider_id, created_at) VALUES ('user-seed-54', 'user54@seed.pickleball.app', 'Dylan', 'seed', 'user54@seed.pickleball.app', datetime('now', '-59 days'));
INSERT OR IGNORE INTO users (id, email, name, provider, provider_id, created_at) VALUES ('user-seed-55', 'user55@seed.pickleball.app', 'Riley', 'seed', 'user55@seed.pickleball.app', datetime('now', '-60 days'));
INSERT OR IGNORE INTO users (id, email, name, provider, provider_id, created_at) VALUES ('user-seed-56', 'user56@seed.pickleball.app', 'Zoe', 'seed', 'user56@seed.pickleball.app', datetime('now', '-61 days'));
INSERT OR IGNORE INTO users (id, email, name, provider, provider_id, created_at) VALUES ('user-seed-57', 'user57@seed.pickleball.app', 'Nora', 'seed', 'user57@seed.pickleball.app', datetime('now', '-62 days'));
INSERT OR IGNORE INTO users (id, email, name, provider, provider_id, created_at) VALUES ('user-seed-58', 'user58@seed.pickleball.app', 'Lily', 'seed', 'user58@seed.pickleball.app', datetime('now', '-63 days'));
INSERT OR IGNORE INTO users (id, email, name, provider, provider_id, created_at) VALUES ('user-seed-59', 'user59@seed.pickleball.app', 'Hazel', 'seed', 'user59@seed.pickleball.app', datetime('now', '-64 days'));
INSERT OR IGNORE INTO users (id, email, name, provider, provider_id, created_at) VALUES ('user-seed-60', 'user60@seed.pickleball.app', 'Violet', 'seed', 'user60@seed.pickleball.app', datetime('now', '-5 days'));
INSERT OR IGNORE INTO users (id, email, name, provider, provider_id, created_at) VALUES ('user-seed-61', 'user61@seed.pickleball.app', 'Aurora', 'seed', 'user61@seed.pickleball.app', datetime('now', '-6 days'));
INSERT OR IGNORE INTO users (id, email, name, provider, provider_id, created_at) VALUES ('user-seed-62', 'user62@seed.pickleball.app', 'Savannah', 'seed', 'user62@seed.pickleball.app', datetime('now', '-7 days'));
INSERT OR IGNORE INTO users (id, email, name, provider, provider_id, created_at) VALUES ('user-seed-63', 'user63@seed.pickleball.app', 'Audrey', 'seed', 'user63@seed.pickleball.app', datetime('now', '-8 days'));
INSERT OR IGNORE INTO users (id, email, name, provider, provider_id, created_at) VALUES ('user-seed-64', 'user64@seed.pickleball.app', 'Morgan 2', 'seed', 'user64@seed.pickleball.app', datetime('now', '-9 days'));
INSERT OR IGNORE INTO users (id, email, name, provider, provider_id, created_at) VALUES ('user-seed-65', 'user65@seed.pickleball.app', 'Taylor 2', 'seed', 'user65@seed.pickleball.app', datetime('now', '-10 days'));
INSERT OR IGNORE INTO users (id, email, name, provider, provider_id, created_at) VALUES ('user-seed-66', 'user66@seed.pickleball.app', 'Jordan 2', 'seed', 'user66@seed.pickleball.app', datetime('now', '-11 days'));
INSERT OR IGNORE INTO users (id, email, name, provider, provider_id, created_at) VALUES ('user-seed-67', 'user67@seed.pickleball.app', 'Casey 2', 'seed', 'user67@seed.pickleball.app', datetime('now', '-12 days'));
INSERT OR IGNORE INTO users (id, email, name, provider, provider_id, created_at) VALUES ('user-seed-68', 'user68@seed.pickleball.app', 'Riley 2', 'seed', 'user68@seed.pickleball.app', datetime('now', '-13 days'));
INSERT OR IGNORE INTO users (id, email, name, provider, provider_id, created_at) VALUES ('user-seed-69', 'user69@seed.pickleball.app', 'Avery 2', 'seed', 'user69@seed.pickleball.app', datetime('now', '-14 days'));
INSERT OR IGNORE INTO users (id, email, name, provider, provider_id, created_at) VALUES ('user-seed-70', 'user70@seed.pickleball.app', 'Quinn 2', 'seed', 'user70@seed.pickleball.app', datetime('now', '-15 days'));
INSERT OR IGNORE INTO users (id, email, name, provider, provider_id, created_at) VALUES ('user-seed-71', 'user71@seed.pickleball.app', 'Reese 2', 'seed', 'user71@seed.pickleball.app', datetime('now', '-16 days'));
INSERT OR IGNORE INTO users (id, email, name, provider, provider_id, created_at) VALUES ('user-seed-72', 'user72@seed.pickleball.app', 'Jamie 2', 'seed', 'user72@seed.pickleball.app', datetime('now', '-17 days'));
INSERT OR IGNORE INTO users (id, email, name, provider, provider_id, created_at) VALUES ('user-seed-73', 'user73@seed.pickleball.app', 'Drew 2', 'seed', 'user73@seed.pickleball.app', datetime('now', '-18 days'));
INSERT OR IGNORE INTO users (id, email, name, provider, provider_id, created_at) VALUES ('user-seed-74', 'user74@seed.pickleball.app', 'Blake 2', 'seed', 'user74@seed.pickleball.app', datetime('now', '-19 days'));
INSERT OR IGNORE INTO users (id, email, name, provider, provider_id, created_at) VALUES ('user-seed-75', 'user75@seed.pickleball.app', 'Cameron 2', 'seed', 'user75@seed.pickleball.app', datetime('now', '-20 days'));
INSERT OR IGNORE INTO users (id, email, name, provider, provider_id, created_at) VALUES ('user-seed-76', 'user76@seed.pickleball.app', 'Skyler 2', 'seed', 'user76@seed.pickleball.app', datetime('now', '-21 days'));
INSERT OR IGNORE INTO users (id, email, name, provider, provider_id, created_at) VALUES ('user-seed-77', 'user77@seed.pickleball.app', 'Parker 2', 'seed', 'user77@seed.pickleball.app', datetime('now', '-22 days'));
INSERT OR IGNORE INTO users (id, email, name, provider, provider_id, created_at) VALUES ('user-seed-78', 'user78@seed.pickleball.app', 'Finley 2', 'seed', 'user78@seed.pickleball.app', datetime('now', '-23 days'));
INSERT OR IGNORE INTO users (id, email, name, provider, provider_id, created_at) VALUES ('user-seed-79', 'user79@seed.pickleball.app', 'Sage 2', 'seed', 'user79@seed.pickleball.app', datetime('now', '-24 days'));
INSERT OR IGNORE INTO users (id, email, name, provider, provider_id, created_at) VALUES ('user-seed-80', 'user80@seed.pickleball.app', 'Alex 2', 'seed', 'user80@seed.pickleball.app', datetime('now', '-25 days'));
INSERT OR IGNORE INTO users (id, email, name, provider, provider_id, created_at) VALUES ('user-seed-81', 'user81@seed.pickleball.app', 'Sam 2', 'seed', 'user81@seed.pickleball.app', datetime('now', '-26 days'));
INSERT OR IGNORE INTO users (id, email, name, provider, provider_id, created_at) VALUES ('user-seed-82', 'user82@seed.pickleball.app', 'Chris 2', 'seed', 'user82@seed.pickleball.app', datetime('now', '-27 days'));
INSERT OR IGNORE INTO users (id, email, name, provider, provider_id, created_at) VALUES ('user-seed-83', 'user83@seed.pickleball.app', 'Pat 2', 'seed', 'user83@seed.pickleball.app', datetime('now', '-28 days'));
INSERT OR IGNORE INTO users (id, email, name, provider, provider_id, created_at) VALUES ('user-seed-84', 'user84@seed.pickleball.app', 'Robin 2', 'seed', 'user84@seed.pickleball.app', datetime('now', '-29 days'));
INSERT OR IGNORE INTO users (id, email, name, provider, provider_id, created_at) VALUES ('user-seed-85', 'user85@seed.pickleball.app', 'Jesse 2', 'seed', 'user85@seed.pickleball.app', datetime('now', '-30 days'));
INSERT OR IGNORE INTO users (id, email, name, provider, provider_id, created_at) VALUES ('user-seed-86', 'user86@seed.pickleball.app', 'Dakota 2', 'seed', 'user86@seed.pickleball.app', datetime('now', '-31 days'));
INSERT OR IGNORE INTO users (id, email, name, provider, provider_id, created_at) VALUES ('user-seed-87', 'user87@seed.pickleball.app', 'River 2', 'seed', 'user87@seed.pickleball.app', datetime('now', '-32 days'));
INSERT OR IGNORE INTO users (id, email, name, provider, provider_id, created_at) VALUES ('user-seed-88', 'user88@seed.pickleball.app', 'Emma 2', 'seed', 'user88@seed.pickleball.app', datetime('now', '-33 days'));
INSERT OR IGNORE INTO users (id, email, name, provider, provider_id, created_at) VALUES ('user-seed-89', 'user89@seed.pickleball.app', 'Liam 2', 'seed', 'user89@seed.pickleball.app', datetime('now', '-34 days'));
INSERT OR IGNORE INTO users (id, email, name, provider, provider_id, created_at) VALUES ('user-seed-90', 'user90@seed.pickleball.app', 'Olivia 2', 'seed', 'user90@seed.pickleball.app', datetime('now', '-35 days'));
INSERT OR IGNORE INTO users (id, email, name, provider, provider_id, created_at) VALUES ('user-seed-91', 'user91@seed.pickleball.app', 'Noah 2', 'seed', 'user91@seed.pickleball.app', datetime('now', '-36 days'));
INSERT OR IGNORE INTO users (id, email, name, provider, provider_id, created_at) VALUES ('user-seed-92', 'user92@seed.pickleball.app', 'Ava 2', 'seed', 'user92@seed.pickleball.app', datetime('now', '-37 days'));
INSERT OR IGNORE INTO users (id, email, name, provider, provider_id, created_at) VALUES ('user-seed-93', 'user93@seed.pickleball.app', 'Ethan 2', 'seed', 'user93@seed.pickleball.app', datetime('now', '-38 days'));
INSERT OR IGNORE INTO users (id, email, name, provider, provider_id, created_at) VALUES ('user-seed-94', 'user94@seed.pickleball.app', 'Sophia 2', 'seed', 'user94@seed.pickleball.app', datetime('now', '-39 days'));
INSERT OR IGNORE INTO users (id, email, name, provider, provider_id, created_at) VALUES ('user-seed-95', 'user95@seed.pickleball.app', 'Mason 2', 'seed', 'user95@seed.pickleball.app', datetime('now', '-40 days'));
INSERT OR IGNORE INTO users (id, email, name, provider, provider_id, created_at) VALUES ('user-seed-96', 'user96@seed.pickleball.app', 'Isabella 2', 'seed', 'user96@seed.pickleball.app', datetime('now', '-41 days'));
INSERT OR IGNORE INTO users (id, email, name, provider, provider_id, created_at) VALUES ('user-seed-97', 'user97@seed.pickleball.app', 'William 2', 'seed', 'user97@seed.pickleball.app', datetime('now', '-42 days'));
INSERT OR IGNORE INTO users (id, email, name, provider, provider_id, created_at) VALUES ('user-seed-98', 'user98@seed.pickleball.app', 'Mia 2', 'seed', 'user98@seed.pickleball.app', datetime('now', '-43 days'));
INSERT OR IGNORE INTO users (id, email, name, provider, provider_id, created_at) VALUES ('user-seed-99', 'user99@seed.pickleball.app', 'James 2', 'seed', 'user99@seed.pickleball.app', datetime('now', '-44 days'));
INSERT OR IGNORE INTO users (id, email, name, provider, provider_id, created_at) VALUES ('user-seed-100', 'user100@seed.pickleball.app', 'Charlotte 2', 'seed', 'user100@seed.pickleball.app', datetime('now', '-45 days'));
INSERT OR IGNORE INTO users (id, email, name, provider, provider_id, created_at) VALUES ('user-seed-101', 'user101@seed.pickleball.app', 'Ben 2', 'seed', 'user101@seed.pickleball.app', datetime('now', '-46 days'));
INSERT OR IGNORE INTO users (id, email, name, provider, provider_id, created_at) VALUES ('user-seed-102', 'user102@seed.pickleball.app', 'Harper 2', 'seed', 'user102@seed.pickleball.app', datetime('now', '-47 days'));
INSERT OR IGNORE INTO users (id, email, name, provider, provider_id, created_at) VALUES ('user-seed-103', 'user103@seed.pickleball.app', 'Lucas 2', 'seed', 'user103@seed.pickleball.app', datetime('now', '-48 days'));
INSERT OR IGNORE INTO users (id, email, name, provider, provider_id, created_at) VALUES ('user-seed-104', 'user104@seed.pickleball.app', 'Evelyn 2', 'seed', 'user104@seed.pickleball.app', datetime('now', '-49 days'));
INSERT OR IGNORE INTO users (id, email, name, provider, provider_id, created_at) VALUES ('user-seed-105', 'user105@seed.pickleball.app', 'Henry 2', 'seed', 'user105@seed.pickleball.app', datetime('now', '-50 days'));
INSERT OR IGNORE INTO users (id, email, name, provider, provider_id, created_at) VALUES ('user-seed-106', 'user106@seed.pickleball.app', 'Amelia 2', 'seed', 'user106@seed.pickleball.app', datetime('now', '-51 days'));
INSERT OR IGNORE INTO users (id, email, name, provider, provider_id, created_at) VALUES ('user-seed-107', 'user107@seed.pickleball.app', 'Jack 2', 'seed', 'user107@seed.pickleball.app', datetime('now', '-52 days'));
INSERT OR IGNORE INTO users (id, email, name, provider, provider_id, created_at) VALUES ('user-seed-108', 'user108@seed.pickleball.app', 'Ella 2', 'seed', 'user108@seed.pickleball.app', datetime('now', '-53 days'));
INSERT OR IGNORE INTO users (id, email, name, provider, provider_id, created_at) VALUES ('user-seed-109', 'user109@seed.pickleball.app', 'Owen 2', 'seed', 'user109@seed.pickleball.app', datetime('now', '-54 days'));
INSERT OR IGNORE INTO users (id, email, name, provider, provider_id, created_at) VALUES ('user-seed-110', 'user110@seed.pickleball.app', 'Scarlett 2', 'seed', 'user110@seed.pickleball.app', datetime('now', '-55 days'));
INSERT OR IGNORE INTO users (id, email, name, provider, provider_id, created_at) VALUES ('user-seed-111', 'user111@seed.pickleball.app', 'Leo 2', 'seed', 'user111@seed.pickleball.app', datetime('now', '-56 days'));
INSERT OR IGNORE INTO users (id, email, name, provider, provider_id, created_at) VALUES ('user-seed-112', 'user112@seed.pickleball.app', 'Grace 2', 'seed', 'user112@seed.pickleball.app', datetime('now', '-57 days'));
INSERT OR IGNORE INTO users (id, email, name, provider, provider_id, created_at) VALUES ('user-seed-113', 'user113@seed.pickleball.app', 'Luke 2', 'seed', 'user113@seed.pickleball.app', datetime('now', '-58 days'));
INSERT OR IGNORE INTO users (id, email, name, provider, provider_id, created_at) VALUES ('user-seed-114', 'user114@seed.pickleball.app', 'Chloe 2', 'seed', 'user114@seed.pickleball.app', datetime('now', '-59 days'));
INSERT OR IGNORE INTO users (id, email, name, provider, provider_id, created_at) VALUES ('user-seed-115', 'user115@seed.pickleball.app', 'Hudson 2', 'seed', 'user115@seed.pickleball.app', datetime('now', '-60 days'));
INSERT OR IGNORE INTO users (id, email, name, provider, provider_id, created_at) VALUES ('user-seed-116', 'user116@seed.pickleball.app', 'Victoria 2', 'seed', 'user116@seed.pickleball.app', datetime('now', '-61 days'));
INSERT OR IGNORE INTO users (id, email, name, provider, provider_id, created_at) VALUES ('user-seed-117', 'user117@seed.pickleball.app', 'Dylan 2', 'seed', 'user117@seed.pickleball.app', datetime('now', '-62 days'));
INSERT OR IGNORE INTO users (id, email, name, provider, provider_id, created_at) VALUES ('user-seed-118', 'user118@seed.pickleball.app', 'Riley 2', 'seed', 'user118@seed.pickleball.app', datetime('now', '-63 days'));
INSERT OR IGNORE INTO users (id, email, name, provider, provider_id, created_at) VALUES ('user-seed-119', 'user119@seed.pickleball.app', 'Zoe 2', 'seed', 'user119@seed.pickleball.app', datetime('now', '-64 days'));
INSERT OR IGNORE INTO users (id, email, name, provider, provider_id, created_at) VALUES ('user-seed-120', 'user120@seed.pickleball.app', 'Nora 2', 'seed', 'user120@seed.pickleball.app', datetime('now', '-5 days'));

INSERT OR IGNORE INTO regions (id, country, name, color, created_at) VALUES ('region-seed-1', 'USA', 'Austin Metro', '#10b981', datetime('now', '-31 days'));
INSERT OR IGNORE INTO regions (id, country, name, color, created_at) VALUES ('region-seed-2', 'USA', 'Phoenix Metro', '#3b82f6', datetime('now', '-32 days'));
INSERT OR IGNORE INTO regions (id, country, name, color, created_at) VALUES ('region-seed-3', 'USA', 'Denver Metro', '#8b5cf6', datetime('now', '-33 days'));
INSERT OR IGNORE INTO regions (id, country, name, color, created_at) VALUES ('region-seed-4', 'USA', 'Seattle Metro', '#ec4899', datetime('now', '-34 days'));
INSERT OR IGNORE INTO regions (id, country, name, color, created_at) VALUES ('region-seed-5', 'USA', 'Chicago Metro', '#f59e0b', datetime('now', '-35 days'));
INSERT OR IGNORE INTO regions (id, country, name, color, created_at) VALUES ('region-seed-6', 'USA', 'San Diego Metro', '#06b6d4', datetime('now', '-36 days'));
INSERT OR IGNORE INTO regions (id, country, name, color, created_at) VALUES ('region-seed-7', 'USA', 'Atlanta Metro', '#84cc16', datetime('now', '-37 days'));
INSERT OR IGNORE INTO regions (id, country, name, color, created_at) VALUES ('region-seed-8', 'USA', 'Miami Metro', '#ef4444', datetime('now', '-38 days'));
INSERT OR IGNORE INTO regions (id, country, name, color, created_at) VALUES ('region-seed-9', 'USA', 'Portland Metro', '#10b981', datetime('now', '-39 days'));
INSERT OR IGNORE INTO regions (id, country, name, color, created_at) VALUES ('region-seed-10', 'USA', 'Nashville Metro', '#3b82f6', datetime('now', '-40 days'));
INSERT OR IGNORE INTO regions (id, country, name, color, created_at) VALUES ('region-seed-11', 'USA', 'Dallas Metro', '#8b5cf6', datetime('now', '-41 days'));
INSERT OR IGNORE INTO regions (id, country, name, color, created_at) VALUES ('region-seed-12', 'USA', 'Boston Metro', '#ec4899', datetime('now', '-42 days'));
INSERT OR IGNORE INTO regions (id, country, name, color, created_at) VALUES ('region-seed-13', 'USA', 'Las Vegas Metro', '#f59e0b', datetime('now', '-43 days'));
INSERT OR IGNORE INTO regions (id, country, name, color, created_at) VALUES ('region-seed-14', 'USA', 'Minneapolis Metro', '#06b6d4', datetime('now', '-44 days'));
INSERT OR IGNORE INTO regions (id, country, name, color, created_at) VALUES ('region-seed-15', 'USA', 'Tampa Metro', '#84cc16', datetime('now', '-45 days'));
INSERT OR IGNORE INTO regions (id, country, name, color, created_at) VALUES ('region-seed-16', 'USA', 'Raleigh Metro', '#ef4444', datetime('now', '-46 days'));
INSERT OR IGNORE INTO regions (id, country, name, color, created_at) VALUES ('region-seed-17', 'USA', 'Salt Lake City Metro', '#10b981', datetime('now', '-47 days'));
INSERT OR IGNORE INTO regions (id, country, name, color, created_at) VALUES ('region-seed-18', 'USA', 'San Antonio Metro', '#3b82f6', datetime('now', '-48 days'));
INSERT OR IGNORE INTO regions (id, country, name, color, created_at) VALUES ('region-seed-19', 'USA', 'Orlando Metro', '#8b5cf6', datetime('now', '-49 days'));
INSERT OR IGNORE INTO regions (id, country, name, color, created_at) VALUES ('region-seed-20', 'USA', 'Charlotte Metro', '#ec4899', datetime('now', '-50 days'));
INSERT OR IGNORE INTO regions (id, country, name, color, created_at) VALUES ('region-seed-21', 'USA', 'Indianapolis Metro', '#f59e0b', datetime('now', '-51 days'));
INSERT OR IGNORE INTO regions (id, country, name, color, created_at) VALUES ('region-seed-22', 'USA', 'Austin Metro', '#06b6d4', datetime('now', '-52 days'));
INSERT OR IGNORE INTO regions (id, country, name, color, created_at) VALUES ('region-seed-23', 'USA', 'Phoenix Metro', '#84cc16', datetime('now', '-53 days'));
INSERT OR IGNORE INTO regions (id, country, name, color, created_at) VALUES ('region-seed-24', 'USA', 'Denver Metro', '#ef4444', datetime('now', '-54 days'));
INSERT OR IGNORE INTO regions (id, country, name, color, created_at) VALUES ('region-seed-25', 'USA', 'Seattle Metro', '#10b981', datetime('now', '-55 days'));
INSERT OR IGNORE INTO regions (id, country, name, color, created_at) VALUES ('region-seed-26', 'USA', 'Chicago Metro', '#3b82f6', datetime('now', '-56 days'));
INSERT OR IGNORE INTO regions (id, country, name, color, created_at) VALUES ('region-seed-27', 'USA', 'San Diego Metro', '#8b5cf6', datetime('now', '-57 days'));
INSERT OR IGNORE INTO regions (id, country, name, color, created_at) VALUES ('region-seed-28', 'USA', 'Atlanta Metro', '#ec4899', datetime('now', '-58 days'));

INSERT OR IGNORE INTO user_profiles (user_id, bio, paddle, shoes, gear, dupr_link, skill_level, region_id, updated_at) VALUES ('user-seed-1', NULL, 'Joola Hyperion', NULL, NULL, NULL, '2.5', 'region-seed-1', datetime('now'));
INSERT OR IGNORE INTO user_profiles (user_id, bio, paddle, shoes, gear, dupr_link, skill_level, region_id, updated_at) VALUES ('user-seed-3', 'Love pickleball. DUPR around 3.5. Always up for games.', 'Six Zero DBD', NULL, NULL, NULL, '3.5', 'region-seed-3', datetime('now'));
INSERT OR IGNORE INTO user_profiles (user_id, bio, paddle, shoes, gear, dupr_link, skill_level, region_id, updated_at) VALUES ('user-seed-5', NULL, 'Onix Z5', NULL, NULL, 'https://dupr.com/player/seed5', '4.5', 'region-seed-5', datetime('now'));
INSERT OR IGNORE INTO user_profiles (user_id, bio, paddle, shoes, gear, dupr_link, skill_level, region_id, updated_at) VALUES ('user-seed-7', NULL, 'Vulcan V560', NULL, NULL, NULL, '2.0', 'region-seed-7', datetime('now'));
INSERT OR IGNORE INTO user_profiles (user_id, bio, paddle, shoes, gear, dupr_link, skill_level, region_id, updated_at) VALUES ('user-seed-9', 'Love pickleball. DUPR around 3.0. Always up for games.', 'Joola Hyperion', NULL, NULL, NULL, '3.0', 'region-seed-9', datetime('now'));
INSERT OR IGNORE INTO user_profiles (user_id, bio, paddle, shoes, gear, dupr_link, skill_level, region_id, updated_at) VALUES ('user-seed-11', NULL, 'Six Zero DBD', NULL, NULL, NULL, '4.0', 'region-seed-11', datetime('now'));
INSERT OR IGNORE INTO user_profiles (user_id, bio, paddle, shoes, gear, dupr_link, skill_level, region_id, updated_at) VALUES ('user-seed-13', NULL, 'Onix Z5', NULL, NULL, NULL, '5.0', 'region-seed-13', datetime('now'));
INSERT OR IGNORE INTO user_profiles (user_id, bio, paddle, shoes, gear, dupr_link, skill_level, region_id, updated_at) VALUES ('user-seed-15', 'Love pickleball. DUPR around 2.5. Always up for games.', 'Vulcan V560', NULL, NULL, 'https://dupr.com/player/seed15', '2.5', 'region-seed-15', datetime('now'));
INSERT OR IGNORE INTO user_profiles (user_id, bio, paddle, shoes, gear, dupr_link, skill_level, region_id, updated_at) VALUES ('user-seed-17', NULL, 'Joola Hyperion', NULL, NULL, NULL, '3.5', 'region-seed-17', datetime('now'));
INSERT OR IGNORE INTO user_profiles (user_id, bio, paddle, shoes, gear, dupr_link, skill_level, region_id, updated_at) VALUES ('user-seed-19', NULL, 'Six Zero DBD', NULL, NULL, NULL, '4.5', 'region-seed-19', datetime('now'));
INSERT OR IGNORE INTO user_profiles (user_id, bio, paddle, shoes, gear, dupr_link, skill_level, region_id, updated_at) VALUES ('user-seed-21', 'Love pickleball. DUPR around 2.0. Always up for games.', 'Onix Z5', NULL, NULL, NULL, '2.0', 'region-seed-21', datetime('now'));
INSERT OR IGNORE INTO user_profiles (user_id, bio, paddle, shoes, gear, dupr_link, skill_level, region_id, updated_at) VALUES ('user-seed-23', NULL, 'Vulcan V560', NULL, NULL, NULL, '3.0', 'region-seed-23', datetime('now'));
INSERT OR IGNORE INTO user_profiles (user_id, bio, paddle, shoes, gear, dupr_link, skill_level, region_id, updated_at) VALUES ('user-seed-25', NULL, 'Joola Hyperion', NULL, NULL, 'https://dupr.com/player/seed25', '4.0', 'region-seed-25', datetime('now'));
INSERT OR IGNORE INTO user_profiles (user_id, bio, paddle, shoes, gear, dupr_link, skill_level, region_id, updated_at) VALUES ('user-seed-27', 'Love pickleball. DUPR around 5.0. Always up for games.', 'Six Zero DBD', NULL, NULL, NULL, '5.0', 'region-seed-27', datetime('now'));
INSERT OR IGNORE INTO user_profiles (user_id, bio, paddle, shoes, gear, dupr_link, skill_level, region_id, updated_at) VALUES ('user-seed-29', NULL, 'Onix Z5', NULL, NULL, NULL, '2.5', 'region-default', datetime('now'));
INSERT OR IGNORE INTO user_profiles (user_id, bio, paddle, shoes, gear, dupr_link, skill_level, region_id, updated_at) VALUES ('user-seed-31', NULL, 'Vulcan V560', NULL, NULL, NULL, '3.5', 'region-default', datetime('now'));
INSERT OR IGNORE INTO user_profiles (user_id, bio, paddle, shoes, gear, dupr_link, skill_level, region_id, updated_at) VALUES ('user-seed-33', 'Love pickleball. DUPR around 4.5. Always up for games.', 'Joola Hyperion', NULL, NULL, NULL, '4.5', 'region-default', datetime('now'));
INSERT OR IGNORE INTO user_profiles (user_id, bio, paddle, shoes, gear, dupr_link, skill_level, region_id, updated_at) VALUES ('user-seed-35', NULL, 'Six Zero DBD', NULL, NULL, 'https://dupr.com/player/seed35', '2.0', 'region-default', datetime('now'));
INSERT OR IGNORE INTO user_profiles (user_id, bio, paddle, shoes, gear, dupr_link, skill_level, region_id, updated_at) VALUES ('user-seed-37', NULL, 'Onix Z5', NULL, NULL, NULL, '3.0', 'region-default', datetime('now'));
INSERT OR IGNORE INTO user_profiles (user_id, bio, paddle, shoes, gear, dupr_link, skill_level, region_id, updated_at) VALUES ('user-seed-39', 'Love pickleball. DUPR around 4.0. Always up for games.', 'Vulcan V560', NULL, NULL, NULL, '4.0', 'region-default', datetime('now'));
INSERT OR IGNORE INTO user_profiles (user_id, bio, paddle, shoes, gear, dupr_link, skill_level, region_id, updated_at) VALUES ('user-seed-41', NULL, 'Joola Hyperion', NULL, NULL, NULL, '5.0', 'region-default', datetime('now'));
INSERT OR IGNORE INTO user_profiles (user_id, bio, paddle, shoes, gear, dupr_link, skill_level, region_id, updated_at) VALUES ('user-seed-43', NULL, 'Six Zero DBD', NULL, NULL, NULL, '2.5', 'region-default', datetime('now'));
INSERT OR IGNORE INTO user_profiles (user_id, bio, paddle, shoes, gear, dupr_link, skill_level, region_id, updated_at) VALUES ('user-seed-45', 'Love pickleball. DUPR around 3.5. Always up for games.', 'Onix Z5', NULL, NULL, 'https://dupr.com/player/seed45', '3.5', 'region-default', datetime('now'));
INSERT OR IGNORE INTO user_profiles (user_id, bio, paddle, shoes, gear, dupr_link, skill_level, region_id, updated_at) VALUES ('user-seed-47', NULL, 'Vulcan V560', NULL, NULL, NULL, '4.5', 'region-default', datetime('now'));
INSERT OR IGNORE INTO user_profiles (user_id, bio, paddle, shoes, gear, dupr_link, skill_level, region_id, updated_at) VALUES ('user-seed-49', NULL, 'Joola Hyperion', NULL, NULL, NULL, '2.0', 'region-default', datetime('now'));
INSERT OR IGNORE INTO user_profiles (user_id, bio, paddle, shoes, gear, dupr_link, skill_level, region_id, updated_at) VALUES ('user-seed-51', 'Love pickleball. DUPR around 3.0. Always up for games.', 'Six Zero DBD', NULL, NULL, NULL, '3.0', 'region-default', datetime('now'));
INSERT OR IGNORE INTO user_profiles (user_id, bio, paddle, shoes, gear, dupr_link, skill_level, region_id, updated_at) VALUES ('user-seed-53', NULL, 'Onix Z5', NULL, NULL, NULL, '4.0', 'region-default', datetime('now'));
INSERT OR IGNORE INTO user_profiles (user_id, bio, paddle, shoes, gear, dupr_link, skill_level, region_id, updated_at) VALUES ('user-seed-55', NULL, 'Vulcan V560', NULL, NULL, 'https://dupr.com/player/seed55', '5.0', 'region-default', datetime('now'));
INSERT OR IGNORE INTO user_profiles (user_id, bio, paddle, shoes, gear, dupr_link, skill_level, region_id, updated_at) VALUES ('user-seed-57', 'Love pickleball. DUPR around 2.5. Always up for games.', 'Joola Hyperion', NULL, NULL, NULL, '2.5', 'region-default', datetime('now'));
INSERT OR IGNORE INTO user_profiles (user_id, bio, paddle, shoes, gear, dupr_link, skill_level, region_id, updated_at) VALUES ('user-seed-59', NULL, 'Six Zero DBD', NULL, NULL, NULL, '3.5', 'region-default', datetime('now'));
INSERT OR IGNORE INTO user_profiles (user_id, bio, paddle, shoes, gear, dupr_link, skill_level, region_id, updated_at) VALUES ('user-seed-61', NULL, 'Onix Z5', NULL, NULL, NULL, '4.5', 'region-default', datetime('now'));
INSERT OR IGNORE INTO user_profiles (user_id, bio, paddle, shoes, gear, dupr_link, skill_level, region_id, updated_at) VALUES ('user-seed-63', 'Love pickleball. DUPR around 2.0. Always up for games.', 'Vulcan V560', NULL, NULL, NULL, '2.0', 'region-default', datetime('now'));
INSERT OR IGNORE INTO user_profiles (user_id, bio, paddle, shoes, gear, dupr_link, skill_level, region_id, updated_at) VALUES ('user-seed-65', NULL, 'Joola Hyperion', NULL, NULL, 'https://dupr.com/player/seed65', '3.0', 'region-default', datetime('now'));
INSERT OR IGNORE INTO user_profiles (user_id, bio, paddle, shoes, gear, dupr_link, skill_level, region_id, updated_at) VALUES ('user-seed-67', NULL, 'Six Zero DBD', NULL, NULL, NULL, '4.0', 'region-default', datetime('now'));
INSERT OR IGNORE INTO user_profiles (user_id, bio, paddle, shoes, gear, dupr_link, skill_level, region_id, updated_at) VALUES ('user-seed-69', 'Love pickleball. DUPR around 5.0. Always up for games.', 'Onix Z5', NULL, NULL, NULL, '5.0', 'region-default', datetime('now'));
INSERT OR IGNORE INTO user_profiles (user_id, bio, paddle, shoes, gear, dupr_link, skill_level, region_id, updated_at) VALUES ('user-seed-71', NULL, 'Vulcan V560', NULL, NULL, NULL, '2.5', 'region-default', datetime('now'));
INSERT OR IGNORE INTO user_profiles (user_id, bio, paddle, shoes, gear, dupr_link, skill_level, region_id, updated_at) VALUES ('user-seed-73', NULL, 'Joola Hyperion', NULL, NULL, NULL, '3.5', 'region-default', datetime('now'));
INSERT OR IGNORE INTO user_profiles (user_id, bio, paddle, shoes, gear, dupr_link, skill_level, region_id, updated_at) VALUES ('user-seed-75', 'Love pickleball. DUPR around 4.5. Always up for games.', 'Six Zero DBD', NULL, NULL, 'https://dupr.com/player/seed75', '4.5', 'region-default', datetime('now'));
INSERT OR IGNORE INTO user_profiles (user_id, bio, paddle, shoes, gear, dupr_link, skill_level, region_id, updated_at) VALUES ('user-seed-77', NULL, 'Onix Z5', NULL, NULL, NULL, '2.0', 'region-default', datetime('now'));
INSERT OR IGNORE INTO user_profiles (user_id, bio, paddle, shoes, gear, dupr_link, skill_level, region_id, updated_at) VALUES ('user-seed-79', NULL, 'Vulcan V560', NULL, NULL, NULL, '3.0', 'region-default', datetime('now'));
INSERT OR IGNORE INTO user_profiles (user_id, bio, paddle, shoes, gear, dupr_link, skill_level, region_id, updated_at) VALUES ('user-seed-81', 'Love pickleball. DUPR around 4.0. Always up for games.', 'Joola Hyperion', NULL, NULL, NULL, '4.0', 'region-default', datetime('now'));
INSERT OR IGNORE INTO user_profiles (user_id, bio, paddle, shoes, gear, dupr_link, skill_level, region_id, updated_at) VALUES ('user-seed-83', NULL, 'Six Zero DBD', NULL, NULL, NULL, '5.0', 'region-default', datetime('now'));
INSERT OR IGNORE INTO user_profiles (user_id, bio, paddle, shoes, gear, dupr_link, skill_level, region_id, updated_at) VALUES ('user-seed-85', NULL, 'Onix Z5', NULL, NULL, 'https://dupr.com/player/seed85', '2.5', 'region-default', datetime('now'));
INSERT OR IGNORE INTO user_profiles (user_id, bio, paddle, shoes, gear, dupr_link, skill_level, region_id, updated_at) VALUES ('user-seed-87', 'Love pickleball. DUPR around 3.5. Always up for games.', 'Vulcan V560', NULL, NULL, NULL, '3.5', 'region-default', datetime('now'));
INSERT OR IGNORE INTO user_profiles (user_id, bio, paddle, shoes, gear, dupr_link, skill_level, region_id, updated_at) VALUES ('user-seed-89', NULL, 'Joola Hyperion', NULL, NULL, NULL, '4.5', 'region-default', datetime('now'));
INSERT OR IGNORE INTO user_profiles (user_id, bio, paddle, shoes, gear, dupr_link, skill_level, region_id, updated_at) VALUES ('user-seed-91', NULL, 'Six Zero DBD', NULL, NULL, NULL, '2.0', 'region-default', datetime('now'));
INSERT OR IGNORE INTO user_profiles (user_id, bio, paddle, shoes, gear, dupr_link, skill_level, region_id, updated_at) VALUES ('user-seed-93', 'Love pickleball. DUPR around 3.0. Always up for games.', 'Onix Z5', NULL, NULL, NULL, '3.0', 'region-default', datetime('now'));
INSERT OR IGNORE INTO user_profiles (user_id, bio, paddle, shoes, gear, dupr_link, skill_level, region_id, updated_at) VALUES ('user-seed-95', NULL, 'Vulcan V560', NULL, NULL, 'https://dupr.com/player/seed95', '4.0', 'region-default', datetime('now'));
INSERT OR IGNORE INTO user_profiles (user_id, bio, paddle, shoes, gear, dupr_link, skill_level, region_id, updated_at) VALUES ('user-seed-97', NULL, 'Joola Hyperion', NULL, NULL, NULL, '5.0', 'region-default', datetime('now'));
INSERT OR IGNORE INTO user_profiles (user_id, bio, paddle, shoes, gear, dupr_link, skill_level, region_id, updated_at) VALUES ('user-seed-99', 'Love pickleball. DUPR around 2.5. Always up for games.', 'Six Zero DBD', NULL, NULL, NULL, '2.5', 'region-default', datetime('now'));
INSERT OR IGNORE INTO user_profiles (user_id, bio, paddle, shoes, gear, dupr_link, skill_level, region_id, updated_at) VALUES ('user-seed-101', NULL, 'Onix Z5', NULL, NULL, NULL, '3.5', 'region-default', datetime('now'));
INSERT OR IGNORE INTO user_profiles (user_id, bio, paddle, shoes, gear, dupr_link, skill_level, region_id, updated_at) VALUES ('user-seed-103', NULL, 'Vulcan V560', NULL, NULL, NULL, '4.5', 'region-default', datetime('now'));
INSERT OR IGNORE INTO user_profiles (user_id, bio, paddle, shoes, gear, dupr_link, skill_level, region_id, updated_at) VALUES ('user-seed-105', 'Love pickleball. DUPR around 2.0. Always up for games.', 'Joola Hyperion', NULL, NULL, 'https://dupr.com/player/seed105', '2.0', 'region-default', datetime('now'));
INSERT OR IGNORE INTO user_profiles (user_id, bio, paddle, shoes, gear, dupr_link, skill_level, region_id, updated_at) VALUES ('user-seed-107', NULL, 'Six Zero DBD', NULL, NULL, NULL, '3.0', 'region-default', datetime('now'));
INSERT OR IGNORE INTO user_profiles (user_id, bio, paddle, shoes, gear, dupr_link, skill_level, region_id, updated_at) VALUES ('user-seed-109', NULL, 'Onix Z5', NULL, NULL, NULL, '4.0', 'region-default', datetime('now'));
INSERT OR IGNORE INTO user_profiles (user_id, bio, paddle, shoes, gear, dupr_link, skill_level, region_id, updated_at) VALUES ('user-seed-111', 'Love pickleball. DUPR around 5.0. Always up for games.', 'Vulcan V560', NULL, NULL, NULL, '5.0', 'region-default', datetime('now'));
INSERT OR IGNORE INTO user_profiles (user_id, bio, paddle, shoes, gear, dupr_link, skill_level, region_id, updated_at) VALUES ('user-seed-113', NULL, 'Joola Hyperion', NULL, NULL, NULL, '2.5', 'region-default', datetime('now'));
INSERT OR IGNORE INTO user_profiles (user_id, bio, paddle, shoes, gear, dupr_link, skill_level, region_id, updated_at) VALUES ('user-seed-115', NULL, 'Six Zero DBD', NULL, NULL, 'https://dupr.com/player/seed115', '3.5', 'region-default', datetime('now'));
INSERT OR IGNORE INTO user_profiles (user_id, bio, paddle, shoes, gear, dupr_link, skill_level, region_id, updated_at) VALUES ('user-seed-117', 'Love pickleball. DUPR around 4.5. Always up for games.', 'Onix Z5', NULL, NULL, NULL, '4.5', 'region-default', datetime('now'));
INSERT OR IGNORE INTO user_profiles (user_id, bio, paddle, shoes, gear, dupr_link, skill_level, region_id, updated_at) VALUES ('user-seed-119', NULL, 'Vulcan V560', NULL, NULL, NULL, '2.0', 'region-default', datetime('now'));

INSERT OR IGNORE INTO courts (id, name, address, city, state, country, court_count, amenities, court_type, reservable, created_at) VALUES ('court-seed-1', 'Austin Community Center', '11 Main St', 'Austin', 'TX', 'USA', 3, 'lights, restrooms', 'outdoor', 1, datetime('now', '-21 days'));
INSERT OR IGNORE INTO courts (id, name, address, city, state, country, court_count, amenities, court_type, reservable, created_at) VALUES ('court-seed-2', 'Phoenix Recreation Complex', '12 Main St', 'Phoenix', 'AZ', 'USA', 4, NULL, 'outdoor', 0, datetime('now', '-22 days'));
INSERT OR IGNORE INTO courts (id, name, address, city, state, country, court_count, amenities, court_type, reservable, created_at) VALUES ('court-seed-3', 'Denver Park Courts', '13 Main St', 'Denver', 'CO', 'USA', 5, 'lights, restrooms', 'indoor', 1, datetime('now', '-23 days'));
INSERT OR IGNORE INTO courts (id, name, address, city, state, country, court_count, amenities, court_type, reservable, created_at) VALUES ('court-seed-4', 'Seattle Pickleball Club', '14 Main St', 'Seattle', 'WA', 'USA', 6, NULL, 'outdoor', 0, datetime('now', '-24 days'));
INSERT OR IGNORE INTO courts (id, name, address, city, state, country, court_count, amenities, court_type, reservable, created_at) VALUES ('court-seed-5', 'Chicago Sports Complex', '15 Main St', 'Chicago', 'IL', 'USA', 7, 'lights, restrooms', 'outdoor', 1, datetime('now', '-25 days'));
INSERT OR IGNORE INTO courts (id, name, address, city, state, country, court_count, amenities, court_type, reservable, created_at) VALUES ('court-seed-6', 'San Diego Tennis & Pickleball Center', '16 Main St', 'San Diego', 'CA', 'USA', 2, NULL, 'indoor', 0, datetime('now', '-26 days'));
INSERT OR IGNORE INTO courts (id, name, address, city, state, country, court_count, amenities, court_type, reservable, created_at) VALUES ('court-seed-7', 'Atlanta YMCA', '17 Main St', 'Atlanta', 'GA', 'USA', 3, 'lights, restrooms', 'outdoor', 1, datetime('now', '-27 days'));
INSERT OR IGNORE INTO courts (id, name, address, city, state, country, court_count, amenities, court_type, reservable, created_at) VALUES ('court-seed-8', 'Miami Public Park', '18 Main St', 'Miami', 'FL', 'USA', 4, NULL, 'outdoor', 0, datetime('now', '-28 days'));
INSERT OR IGNORE INTO courts (id, name, address, city, state, country, court_count, amenities, court_type, reservable, created_at) VALUES ('court-seed-9', 'Portland Downtown Courts', '19 Main St', 'Portland', 'OR', 'USA', 5, 'lights, restrooms', 'indoor', 1, datetime('now', '-29 days'));
INSERT OR IGNORE INTO courts (id, name, address, city, state, country, court_count, amenities, court_type, reservable, created_at) VALUES ('court-seed-10', 'Nashville Riverside Park', '20 Main St', 'Nashville', 'TN', 'USA', 6, NULL, 'outdoor', 0, datetime('now', '-30 days'));
INSERT OR IGNORE INTO courts (id, name, address, city, state, country, court_count, amenities, court_type, reservable, created_at) VALUES ('court-seed-11', 'Dallas Sunset Rec', '21 Main St', 'Dallas', 'TX', 'USA', 7, 'lights, restrooms', 'outdoor', 1, datetime('now', '-31 days'));
INSERT OR IGNORE INTO courts (id, name, address, city, state, country, court_count, amenities, court_type, reservable, created_at) VALUES ('court-seed-12', 'Boston Central Park', '22 Main St', 'Boston', 'MA', 'USA', 2, NULL, 'indoor', 0, datetime('now', '-32 days'));
INSERT OR IGNORE INTO courts (id, name, address, city, state, country, court_count, amenities, court_type, reservable, created_at) VALUES ('court-seed-13', 'Las Vegas Heritage Park', '23 Main St', 'Las Vegas', 'NV', 'USA', 3, 'lights, restrooms', 'outdoor', 1, datetime('now', '-33 days'));
INSERT OR IGNORE INTO courts (id, name, address, city, state, country, court_count, amenities, court_type, reservable, created_at) VALUES ('court-seed-14', 'Minneapolis Lakeside Courts', '24 Main St', 'Minneapolis', 'MN', 'USA', 4, NULL, 'outdoor', 0, datetime('now', '-34 days'));
INSERT OR IGNORE INTO courts (id, name, address, city, state, country, court_count, amenities, court_type, reservable, created_at) VALUES ('court-seed-15', 'Tampa Meadowbrook Park', '25 Main St', 'Tampa', 'FL', 'USA', 5, 'lights, restrooms', 'indoor', 1, datetime('now', '-35 days'));
INSERT OR IGNORE INTO courts (id, name, address, city, state, country, court_count, amenities, court_type, reservable, created_at) VALUES ('court-seed-16', 'Raleigh Community Center', '26 Main St', 'Raleigh', 'NC', 'USA', 6, NULL, 'outdoor', 0, datetime('now', '-36 days'));
INSERT OR IGNORE INTO courts (id, name, address, city, state, country, court_count, amenities, court_type, reservable, created_at) VALUES ('court-seed-17', 'Salt Lake City Recreation Complex', '27 Main St', 'Salt Lake City', 'UT', 'USA', 7, 'lights, restrooms', 'outdoor', 1, datetime('now', '-37 days'));
INSERT OR IGNORE INTO courts (id, name, address, city, state, country, court_count, amenities, court_type, reservable, created_at) VALUES ('court-seed-18', 'San Antonio Park Courts', '28 Main St', 'San Antonio', 'TX', 'USA', 2, NULL, 'indoor', 0, datetime('now', '-38 days'));
INSERT OR IGNORE INTO courts (id, name, address, city, state, country, court_count, amenities, court_type, reservable, created_at) VALUES ('court-seed-19', 'Orlando Pickleball Club', '29 Main St', 'Orlando', 'FL', 'USA', 3, 'lights, restrooms', 'outdoor', 1, datetime('now', '-39 days'));
INSERT OR IGNORE INTO courts (id, name, address, city, state, country, court_count, amenities, court_type, reservable, created_at) VALUES ('court-seed-20', 'Charlotte Sports Complex', '30 Main St', 'Charlotte', 'NC', 'USA', 4, NULL, 'outdoor', 0, datetime('now', '-40 days'));
INSERT OR IGNORE INTO courts (id, name, address, city, state, country, court_count, amenities, court_type, reservable, created_at) VALUES ('court-seed-21', 'Indianapolis Tennis & Pickleball Center', '31 Main St', 'Indianapolis', 'IN', 'USA', 5, 'lights, restrooms', 'indoor', 1, datetime('now', '-41 days'));
INSERT OR IGNORE INTO courts (id, name, address, city, state, country, court_count, amenities, court_type, reservable, created_at) VALUES ('court-seed-22', 'Austin YMCA', '32 Main St', 'Austin', 'TX', 'USA', 6, NULL, 'outdoor', 0, datetime('now', '-42 days'));

INSERT OR IGNORE INTO court_room_codes (court_id, code) VALUES ('court-seed-1', 'PB-S1');
INSERT OR IGNORE INTO court_room_codes (court_id, code) VALUES ('court-seed-2', 'PB-S2');
INSERT OR IGNORE INTO court_room_codes (court_id, code) VALUES ('court-seed-3', 'PB-S3');
INSERT OR IGNORE INTO court_room_codes (court_id, code) VALUES ('court-seed-4', 'PB-S4');
INSERT OR IGNORE INTO court_room_codes (court_id, code) VALUES ('court-seed-5', 'PB-S5');
INSERT OR IGNORE INTO court_room_codes (court_id, code) VALUES ('court-seed-6', 'PB-S6');
INSERT OR IGNORE INTO court_room_codes (court_id, code) VALUES ('court-seed-7', 'PB-S7');
INSERT OR IGNORE INTO court_room_codes (court_id, code) VALUES ('court-seed-8', 'PB-S8');
INSERT OR IGNORE INTO court_room_codes (court_id, code) VALUES ('court-seed-9', 'PB-S9');
INSERT OR IGNORE INTO court_room_codes (court_id, code) VALUES ('court-seed-10', 'PB-S10');
INSERT OR IGNORE INTO court_room_codes (court_id, code) VALUES ('court-seed-11', 'PB-S11');
INSERT OR IGNORE INTO court_room_codes (court_id, code) VALUES ('court-seed-12', 'PB-S12');
INSERT OR IGNORE INTO court_room_codes (court_id, code) VALUES ('court-seed-13', 'PB-S13');
INSERT OR IGNORE INTO court_room_codes (court_id, code) VALUES ('court-seed-14', 'PB-S14');
INSERT OR IGNORE INTO court_room_codes (court_id, code) VALUES ('court-seed-15', 'PB-S15');
INSERT OR IGNORE INTO court_room_codes (court_id, code) VALUES ('court-seed-16', 'PB-S16');
INSERT OR IGNORE INTO court_room_codes (court_id, code) VALUES ('court-seed-17', 'PB-S17');
INSERT OR IGNORE INTO court_room_codes (court_id, code) VALUES ('court-seed-18', 'PB-S18');
INSERT OR IGNORE INTO court_room_codes (court_id, code) VALUES ('court-seed-19', 'PB-S19');
INSERT OR IGNORE INTO court_room_codes (court_id, code) VALUES ('court-seed-20', 'PB-S20');
INSERT OR IGNORE INTO court_room_codes (court_id, code) VALUES ('court-seed-21', 'PB-S21');
INSERT OR IGNORE INTO court_room_codes (court_id, code) VALUES ('court-seed-22', 'PB-S22');

INSERT OR IGNORE INTO posts (id, author_id, content, created_at) VALUES ('post-seed-1', 'user-demo-1', 'Looking for doubles partners this weekend. Who''s in?', datetime('now', '-2 days', '-1 hours'));
