-- Heavy seed (part 4): comments, friend_requests, messages, court_queue, court_admins, tournaments, play_sessions, coaching.
-- Run after 0015.
INSERT OR IGNORE INTO likes (post_id, user_id) VALUES ('post-seed-37', 'user-seed-107');
INSERT OR IGNORE INTO likes (post_id, user_id) VALUES ('post-seed-37', 'user-seed-108');
INSERT OR IGNORE INTO likes (post_id, user_id) VALUES ('post-seed-38', 'user-seed-107');
INSERT OR IGNORE INTO likes (post_id, user_id) VALUES ('post-seed-38', 'user-seed-108');
INSERT OR IGNORE INTO likes (post_id, user_id) VALUES ('post-seed-38', 'user-seed-109');
INSERT OR IGNORE INTO likes (post_id, user_id) VALUES ('post-seed-38', 'user-seed-110');
INSERT OR IGNORE INTO likes (post_id, user_id) VALUES ('post-seed-38', 'user-seed-111');
INSERT OR IGNORE INTO likes (post_id, user_id) VALUES ('post-seed-38', 'user-seed-112');
INSERT OR IGNORE INTO likes (post_id, user_id) VALUES ('post-seed-39', 'user-seed-110');
INSERT OR IGNORE INTO likes (post_id, user_id) VALUES ('post-seed-39', 'user-seed-111');
INSERT OR IGNORE INTO likes (post_id, user_id) VALUES ('post-seed-39', 'user-seed-112');
INSERT OR IGNORE INTO likes (post_id, user_id) VALUES ('post-seed-39', 'user-seed-113');
INSERT OR IGNORE INTO likes (post_id, user_id) VALUES ('post-seed-39', 'user-seed-114');
INSERT OR IGNORE INTO likes (post_id, user_id) VALUES ('post-seed-39', 'user-seed-115');
INSERT OR IGNORE INTO likes (post_id, user_id) VALUES ('post-seed-39', 'user-seed-116');
INSERT OR IGNORE INTO likes (post_id, user_id) VALUES ('post-seed-40', 'user-seed-113');
INSERT OR IGNORE INTO likes (post_id, user_id) VALUES ('post-seed-40', 'user-seed-114');
INSERT OR IGNORE INTO likes (post_id, user_id) VALUES ('post-seed-40', 'user-seed-115');
INSERT OR IGNORE INTO likes (post_id, user_id) VALUES ('post-seed-40', 'user-seed-116');
INSERT OR IGNORE INTO likes (post_id, user_id) VALUES ('post-seed-40', 'user-seed-117');
INSERT OR IGNORE INTO likes (post_id, user_id) VALUES ('post-seed-40', 'user-seed-118');
INSERT OR IGNORE INTO likes (post_id, user_id) VALUES ('post-seed-40', 'user-seed-119');
INSERT OR IGNORE INTO likes (post_id, user_id) VALUES ('post-seed-40', 'user-seed-120');
INSERT OR IGNORE INTO likes (post_id, user_id) VALUES ('post-seed-41', 'user-seed-116');
INSERT OR IGNORE INTO likes (post_id, user_id) VALUES ('post-seed-42', 'user-seed-119');
INSERT OR IGNORE INTO likes (post_id, user_id) VALUES ('post-seed-42', 'user-seed-120');
INSERT OR IGNORE INTO likes (post_id, user_id) VALUES ('post-seed-43', 'user-demo-2');
INSERT OR IGNORE INTO likes (post_id, user_id) VALUES ('post-seed-43', 'user-demo-3');
INSERT OR IGNORE INTO likes (post_id, user_id) VALUES ('post-seed-43', 'user-demo-4');
INSERT OR IGNORE INTO likes (post_id, user_id) VALUES ('post-seed-44', 'user-demo-5');
INSERT OR IGNORE INTO likes (post_id, user_id) VALUES ('post-seed-44', 'user-seed-1');
INSERT OR IGNORE INTO likes (post_id, user_id) VALUES ('post-seed-44', 'user-seed-2');
INSERT OR IGNORE INTO likes (post_id, user_id) VALUES ('post-seed-44', 'user-seed-3');
INSERT OR IGNORE INTO likes (post_id, user_id) VALUES ('post-seed-45', 'user-seed-3');
INSERT OR IGNORE INTO likes (post_id, user_id) VALUES ('post-seed-45', 'user-seed-4');
INSERT OR IGNORE INTO likes (post_id, user_id) VALUES ('post-seed-45', 'user-seed-5');
INSERT OR IGNORE INTO likes (post_id, user_id) VALUES ('post-seed-45', 'user-seed-6');
INSERT OR IGNORE INTO likes (post_id, user_id) VALUES ('post-seed-45', 'user-seed-7');
INSERT OR IGNORE INTO likes (post_id, user_id) VALUES ('post-seed-46', 'user-seed-6');
INSERT OR IGNORE INTO likes (post_id, user_id) VALUES ('post-seed-46', 'user-seed-7');
INSERT OR IGNORE INTO likes (post_id, user_id) VALUES ('post-seed-46', 'user-seed-8');
INSERT OR IGNORE INTO likes (post_id, user_id) VALUES ('post-seed-46', 'user-seed-9');
INSERT OR IGNORE INTO likes (post_id, user_id) VALUES ('post-seed-46', 'user-seed-10');
INSERT OR IGNORE INTO likes (post_id, user_id) VALUES ('post-seed-46', 'user-seed-11');
INSERT OR IGNORE INTO likes (post_id, user_id) VALUES ('post-seed-47', 'user-seed-9');
INSERT OR IGNORE INTO likes (post_id, user_id) VALUES ('post-seed-47', 'user-seed-10');
INSERT OR IGNORE INTO likes (post_id, user_id) VALUES ('post-seed-47', 'user-seed-11');
INSERT OR IGNORE INTO likes (post_id, user_id) VALUES ('post-seed-47', 'user-seed-12');
INSERT OR IGNORE INTO likes (post_id, user_id) VALUES ('post-seed-47', 'user-seed-13');
INSERT OR IGNORE INTO likes (post_id, user_id) VALUES ('post-seed-47', 'user-seed-14');
INSERT OR IGNORE INTO likes (post_id, user_id) VALUES ('post-seed-47', 'user-seed-15');
INSERT OR IGNORE INTO likes (post_id, user_id) VALUES ('post-seed-48', 'user-seed-12');
INSERT OR IGNORE INTO likes (post_id, user_id) VALUES ('post-seed-48', 'user-seed-13');
INSERT OR IGNORE INTO likes (post_id, user_id) VALUES ('post-seed-48', 'user-seed-14');
INSERT OR IGNORE INTO likes (post_id, user_id) VALUES ('post-seed-48', 'user-seed-15');
INSERT OR IGNORE INTO likes (post_id, user_id) VALUES ('post-seed-48', 'user-seed-16');
INSERT OR IGNORE INTO likes (post_id, user_id) VALUES ('post-seed-48', 'user-seed-17');
INSERT OR IGNORE INTO likes (post_id, user_id) VALUES ('post-seed-48', 'user-seed-18');
INSERT OR IGNORE INTO likes (post_id, user_id) VALUES ('post-seed-48', 'user-seed-19');
INSERT OR IGNORE INTO likes (post_id, user_id) VALUES ('post-seed-49', 'user-seed-15');
INSERT OR IGNORE INTO likes (post_id, user_id) VALUES ('post-seed-50', 'user-seed-18');
INSERT OR IGNORE INTO likes (post_id, user_id) VALUES ('post-seed-50', 'user-seed-19');
INSERT OR IGNORE INTO likes (post_id, user_id) VALUES ('post-seed-51', 'user-seed-21');
INSERT OR IGNORE INTO likes (post_id, user_id) VALUES ('post-seed-51', 'user-seed-22');
INSERT OR IGNORE INTO likes (post_id, user_id) VALUES ('post-seed-51', 'user-seed-23');
INSERT OR IGNORE INTO likes (post_id, user_id) VALUES ('post-seed-52', 'user-seed-24');
INSERT OR IGNORE INTO likes (post_id, user_id) VALUES ('post-seed-52', 'user-seed-25');
INSERT OR IGNORE INTO likes (post_id, user_id) VALUES ('post-seed-52', 'user-seed-26');
INSERT OR IGNORE INTO likes (post_id, user_id) VALUES ('post-seed-52', 'user-seed-27');
INSERT OR IGNORE INTO likes (post_id, user_id) VALUES ('post-seed-53', 'user-seed-27');
INSERT OR IGNORE INTO likes (post_id, user_id) VALUES ('post-seed-53', 'user-seed-28');
INSERT OR IGNORE INTO likes (post_id, user_id) VALUES ('post-seed-53', 'user-seed-29');
INSERT OR IGNORE INTO likes (post_id, user_id) VALUES ('post-seed-53', 'user-seed-30');
INSERT OR IGNORE INTO likes (post_id, user_id) VALUES ('post-seed-53', 'user-seed-31');
INSERT OR IGNORE INTO likes (post_id, user_id) VALUES ('post-seed-54', 'user-seed-30');
INSERT OR IGNORE INTO likes (post_id, user_id) VALUES ('post-seed-54', 'user-seed-31');
INSERT OR IGNORE INTO likes (post_id, user_id) VALUES ('post-seed-54', 'user-seed-32');
INSERT OR IGNORE INTO likes (post_id, user_id) VALUES ('post-seed-54', 'user-seed-33');
INSERT OR IGNORE INTO likes (post_id, user_id) VALUES ('post-seed-54', 'user-seed-34');
INSERT OR IGNORE INTO likes (post_id, user_id) VALUES ('post-seed-54', 'user-seed-35');
INSERT OR IGNORE INTO likes (post_id, user_id) VALUES ('post-seed-55', 'user-seed-33');
INSERT OR IGNORE INTO likes (post_id, user_id) VALUES ('post-seed-55', 'user-seed-34');
INSERT OR IGNORE INTO likes (post_id, user_id) VALUES ('post-seed-55', 'user-seed-35');
INSERT OR IGNORE INTO likes (post_id, user_id) VALUES ('post-seed-55', 'user-seed-36');
INSERT OR IGNORE INTO likes (post_id, user_id) VALUES ('post-seed-55', 'user-seed-37');
INSERT OR IGNORE INTO likes (post_id, user_id) VALUES ('post-seed-55', 'user-seed-38');
INSERT OR IGNORE INTO likes (post_id, user_id) VALUES ('post-seed-55', 'user-seed-39');
INSERT OR IGNORE INTO likes (post_id, user_id) VALUES ('post-seed-56', 'user-seed-36');
INSERT OR IGNORE INTO likes (post_id, user_id) VALUES ('post-seed-56', 'user-seed-37');
INSERT OR IGNORE INTO likes (post_id, user_id) VALUES ('post-seed-56', 'user-seed-38');
INSERT OR IGNORE INTO likes (post_id, user_id) VALUES ('post-seed-56', 'user-seed-39');
INSERT OR IGNORE INTO likes (post_id, user_id) VALUES ('post-seed-56', 'user-seed-40');
INSERT OR IGNORE INTO likes (post_id, user_id) VALUES ('post-seed-56', 'user-seed-41');
INSERT OR IGNORE INTO likes (post_id, user_id) VALUES ('post-seed-56', 'user-seed-42');
INSERT OR IGNORE INTO likes (post_id, user_id) VALUES ('post-seed-56', 'user-seed-43');
INSERT OR IGNORE INTO likes (post_id, user_id) VALUES ('post-seed-57', 'user-seed-39');
INSERT OR IGNORE INTO likes (post_id, user_id) VALUES ('post-seed-58', 'user-seed-42');
INSERT OR IGNORE INTO likes (post_id, user_id) VALUES ('post-seed-58', 'user-seed-43');
INSERT OR IGNORE INTO likes (post_id, user_id) VALUES ('post-seed-59', 'user-seed-45');
INSERT OR IGNORE INTO likes (post_id, user_id) VALUES ('post-seed-59', 'user-seed-46');
INSERT OR IGNORE INTO likes (post_id, user_id) VALUES ('post-seed-59', 'user-seed-47');
INSERT OR IGNORE INTO likes (post_id, user_id) VALUES ('post-seed-60', 'user-seed-48');
INSERT OR IGNORE INTO likes (post_id, user_id) VALUES ('post-seed-60', 'user-seed-49');
INSERT OR IGNORE INTO likes (post_id, user_id) VALUES ('post-seed-60', 'user-seed-50');
INSERT OR IGNORE INTO likes (post_id, user_id) VALUES ('post-seed-60', 'user-seed-51');
INSERT OR IGNORE INTO likes (post_id, user_id) VALUES ('post-seed-61', 'user-seed-51');
INSERT OR IGNORE INTO likes (post_id, user_id) VALUES ('post-seed-61', 'user-seed-52');
INSERT OR IGNORE INTO likes (post_id, user_id) VALUES ('post-seed-61', 'user-seed-53');
INSERT OR IGNORE INTO likes (post_id, user_id) VALUES ('post-seed-61', 'user-seed-54');
INSERT OR IGNORE INTO likes (post_id, user_id) VALUES ('post-seed-61', 'user-seed-55');
INSERT OR IGNORE INTO likes (post_id, user_id) VALUES ('post-seed-62', 'user-seed-54');
INSERT OR IGNORE INTO likes (post_id, user_id) VALUES ('post-seed-62', 'user-seed-55');
INSERT OR IGNORE INTO likes (post_id, user_id) VALUES ('post-seed-62', 'user-seed-56');
INSERT OR IGNORE INTO likes (post_id, user_id) VALUES ('post-seed-62', 'user-seed-57');
INSERT OR IGNORE INTO likes (post_id, user_id) VALUES ('post-seed-62', 'user-seed-58');
INSERT OR IGNORE INTO likes (post_id, user_id) VALUES ('post-seed-62', 'user-seed-59');
INSERT OR IGNORE INTO likes (post_id, user_id) VALUES ('post-seed-63', 'user-seed-57');
INSERT OR IGNORE INTO likes (post_id, user_id) VALUES ('post-seed-63', 'user-seed-58');
INSERT OR IGNORE INTO likes (post_id, user_id) VALUES ('post-seed-63', 'user-seed-59');
INSERT OR IGNORE INTO likes (post_id, user_id) VALUES ('post-seed-63', 'user-seed-60');
INSERT OR IGNORE INTO likes (post_id, user_id) VALUES ('post-seed-63', 'user-seed-61');
INSERT OR IGNORE INTO likes (post_id, user_id) VALUES ('post-seed-63', 'user-seed-62');
INSERT OR IGNORE INTO likes (post_id, user_id) VALUES ('post-seed-63', 'user-seed-63');
INSERT OR IGNORE INTO likes (post_id, user_id) VALUES ('post-seed-64', 'user-seed-60');
INSERT OR IGNORE INTO likes (post_id, user_id) VALUES ('post-seed-64', 'user-seed-61');
INSERT OR IGNORE INTO likes (post_id, user_id) VALUES ('post-seed-64', 'user-seed-62');
INSERT OR IGNORE INTO likes (post_id, user_id) VALUES ('post-seed-64', 'user-seed-63');
INSERT OR IGNORE INTO likes (post_id, user_id) VALUES ('post-seed-64', 'user-seed-64');
INSERT OR IGNORE INTO likes (post_id, user_id) VALUES ('post-seed-64', 'user-seed-65');
INSERT OR IGNORE INTO likes (post_id, user_id) VALUES ('post-seed-64', 'user-seed-66');
INSERT OR IGNORE INTO likes (post_id, user_id) VALUES ('post-seed-64', 'user-seed-67');
INSERT OR IGNORE INTO likes (post_id, user_id) VALUES ('post-seed-65', 'user-seed-63');
INSERT OR IGNORE INTO likes (post_id, user_id) VALUES ('post-seed-66', 'user-seed-66');
INSERT OR IGNORE INTO likes (post_id, user_id) VALUES ('post-seed-66', 'user-seed-67');
INSERT OR IGNORE INTO likes (post_id, user_id) VALUES ('post-seed-67', 'user-seed-69');
INSERT OR IGNORE INTO likes (post_id, user_id) VALUES ('post-seed-67', 'user-seed-70');
INSERT OR IGNORE INTO likes (post_id, user_id) VALUES ('post-seed-67', 'user-seed-71');
INSERT OR IGNORE INTO likes (post_id, user_id) VALUES ('post-seed-68', 'user-seed-72');
INSERT OR IGNORE INTO likes (post_id, user_id) VALUES ('post-seed-68', 'user-seed-73');
INSERT OR IGNORE INTO likes (post_id, user_id) VALUES ('post-seed-68', 'user-seed-74');
INSERT OR IGNORE INTO likes (post_id, user_id) VALUES ('post-seed-68', 'user-seed-75');
INSERT OR IGNORE INTO likes (post_id, user_id) VALUES ('post-seed-69', 'user-seed-75');
INSERT OR IGNORE INTO likes (post_id, user_id) VALUES ('post-seed-69', 'user-seed-76');
INSERT OR IGNORE INTO likes (post_id, user_id) VALUES ('post-seed-69', 'user-seed-77');
INSERT OR IGNORE INTO likes (post_id, user_id) VALUES ('post-seed-69', 'user-seed-78');
INSERT OR IGNORE INTO likes (post_id, user_id) VALUES ('post-seed-69', 'user-seed-79');
INSERT OR IGNORE INTO likes (post_id, user_id) VALUES ('post-seed-70', 'user-seed-78');
INSERT OR IGNORE INTO likes (post_id, user_id) VALUES ('post-seed-70', 'user-seed-79');
INSERT OR IGNORE INTO likes (post_id, user_id) VALUES ('post-seed-70', 'user-seed-80');
INSERT OR IGNORE INTO likes (post_id, user_id) VALUES ('post-seed-70', 'user-seed-81');
INSERT OR IGNORE INTO likes (post_id, user_id) VALUES ('post-seed-70', 'user-seed-82');
INSERT OR IGNORE INTO likes (post_id, user_id) VALUES ('post-seed-70', 'user-seed-83');
INSERT OR IGNORE INTO likes (post_id, user_id) VALUES ('post-seed-71', 'user-seed-81');
INSERT OR IGNORE INTO likes (post_id, user_id) VALUES ('post-seed-71', 'user-seed-82');
INSERT OR IGNORE INTO likes (post_id, user_id) VALUES ('post-seed-71', 'user-seed-83');
INSERT OR IGNORE INTO likes (post_id, user_id) VALUES ('post-seed-71', 'user-seed-84');
INSERT OR IGNORE INTO likes (post_id, user_id) VALUES ('post-seed-71', 'user-seed-85');
INSERT OR IGNORE INTO likes (post_id, user_id) VALUES ('post-seed-71', 'user-seed-86');
INSERT OR IGNORE INTO likes (post_id, user_id) VALUES ('post-seed-71', 'user-seed-87');
INSERT OR IGNORE INTO likes (post_id, user_id) VALUES ('post-seed-72', 'user-seed-84');
INSERT OR IGNORE INTO likes (post_id, user_id) VALUES ('post-seed-72', 'user-seed-85');
INSERT OR IGNORE INTO likes (post_id, user_id) VALUES ('post-seed-72', 'user-seed-86');
INSERT OR IGNORE INTO likes (post_id, user_id) VALUES ('post-seed-72', 'user-seed-87');
INSERT OR IGNORE INTO likes (post_id, user_id) VALUES ('post-seed-72', 'user-seed-88');
INSERT OR IGNORE INTO likes (post_id, user_id) VALUES ('post-seed-72', 'user-seed-89');
INSERT OR IGNORE INTO likes (post_id, user_id) VALUES ('post-seed-72', 'user-seed-90');
INSERT OR IGNORE INTO likes (post_id, user_id) VALUES ('post-seed-72', 'user-seed-91');
INSERT OR IGNORE INTO likes (post_id, user_id) VALUES ('post-seed-73', 'user-seed-87');
INSERT OR IGNORE INTO likes (post_id, user_id) VALUES ('post-seed-74', 'user-seed-90');
INSERT OR IGNORE INTO likes (post_id, user_id) VALUES ('post-seed-74', 'user-seed-91');
INSERT OR IGNORE INTO likes (post_id, user_id) VALUES ('post-seed-75', 'user-seed-93');
INSERT OR IGNORE INTO likes (post_id, user_id) VALUES ('post-seed-75', 'user-seed-94');
INSERT OR IGNORE INTO likes (post_id, user_id) VALUES ('post-seed-75', 'user-seed-95');
INSERT OR IGNORE INTO likes (post_id, user_id) VALUES ('post-seed-76', 'user-seed-96');
INSERT OR IGNORE INTO likes (post_id, user_id) VALUES ('post-seed-76', 'user-seed-97');
INSERT OR IGNORE INTO likes (post_id, user_id) VALUES ('post-seed-76', 'user-seed-98');
INSERT OR IGNORE INTO likes (post_id, user_id) VALUES ('post-seed-76', 'user-seed-99');
INSERT OR IGNORE INTO likes (post_id, user_id) VALUES ('post-seed-77', 'user-seed-99');
INSERT OR IGNORE INTO likes (post_id, user_id) VALUES ('post-seed-77', 'user-seed-100');
INSERT OR IGNORE INTO likes (post_id, user_id) VALUES ('post-seed-77', 'user-seed-101');
INSERT OR IGNORE INTO likes (post_id, user_id) VALUES ('post-seed-77', 'user-seed-102');
INSERT OR IGNORE INTO likes (post_id, user_id) VALUES ('post-seed-77', 'user-seed-103');
INSERT OR IGNORE INTO likes (post_id, user_id) VALUES ('post-seed-78', 'user-seed-102');
INSERT OR IGNORE INTO likes (post_id, user_id) VALUES ('post-seed-78', 'user-seed-103');
INSERT OR IGNORE INTO likes (post_id, user_id) VALUES ('post-seed-78', 'user-seed-104');
INSERT OR IGNORE INTO likes (post_id, user_id) VALUES ('post-seed-78', 'user-seed-105');
INSERT OR IGNORE INTO likes (post_id, user_id) VALUES ('post-seed-78', 'user-seed-106');
INSERT OR IGNORE INTO likes (post_id, user_id) VALUES ('post-seed-78', 'user-seed-107');
INSERT OR IGNORE INTO likes (post_id, user_id) VALUES ('post-seed-79', 'user-seed-105');
INSERT OR IGNORE INTO likes (post_id, user_id) VALUES ('post-seed-79', 'user-seed-106');
INSERT OR IGNORE INTO likes (post_id, user_id) VALUES ('post-seed-79', 'user-seed-107');
INSERT OR IGNORE INTO likes (post_id, user_id) VALUES ('post-seed-79', 'user-seed-108');
INSERT OR IGNORE INTO likes (post_id, user_id) VALUES ('post-seed-79', 'user-seed-109');
INSERT OR IGNORE INTO likes (post_id, user_id) VALUES ('post-seed-79', 'user-seed-110');
INSERT OR IGNORE INTO likes (post_id, user_id) VALUES ('post-seed-79', 'user-seed-111');
INSERT OR IGNORE INTO likes (post_id, user_id) VALUES ('post-seed-80', 'user-seed-108');
INSERT OR IGNORE INTO likes (post_id, user_id) VALUES ('post-seed-80', 'user-seed-109');
INSERT OR IGNORE INTO likes (post_id, user_id) VALUES ('post-seed-80', 'user-seed-110');
INSERT OR IGNORE INTO likes (post_id, user_id) VALUES ('post-seed-80', 'user-seed-111');
INSERT OR IGNORE INTO likes (post_id, user_id) VALUES ('post-seed-80', 'user-seed-112');
INSERT OR IGNORE INTO likes (post_id, user_id) VALUES ('post-seed-80', 'user-seed-113');
INSERT OR IGNORE INTO likes (post_id, user_id) VALUES ('post-seed-80', 'user-seed-114');
INSERT OR IGNORE INTO likes (post_id, user_id) VALUES ('post-seed-80', 'user-seed-115');
INSERT OR IGNORE INTO likes (post_id, user_id) VALUES ('post-seed-81', 'user-seed-111');
INSERT OR IGNORE INTO likes (post_id, user_id) VALUES ('post-seed-82', 'user-seed-114');
INSERT OR IGNORE INTO likes (post_id, user_id) VALUES ('post-seed-82', 'user-seed-115');
INSERT OR IGNORE INTO likes (post_id, user_id) VALUES ('post-seed-83', 'user-seed-117');
INSERT OR IGNORE INTO likes (post_id, user_id) VALUES ('post-seed-83', 'user-seed-118');
INSERT OR IGNORE INTO likes (post_id, user_id) VALUES ('post-seed-83', 'user-seed-119');
INSERT OR IGNORE INTO likes (post_id, user_id) VALUES ('post-seed-84', 'user-seed-120');
INSERT OR IGNORE INTO likes (post_id, user_id) VALUES ('post-seed-84', 'user-demo-1');
INSERT OR IGNORE INTO likes (post_id, user_id) VALUES ('post-seed-84', 'user-demo-2');
INSERT OR IGNORE INTO likes (post_id, user_id) VALUES ('post-seed-84', 'user-demo-3');
INSERT OR IGNORE INTO likes (post_id, user_id) VALUES ('post-seed-85', 'user-demo-3');
INSERT OR IGNORE INTO likes (post_id, user_id) VALUES ('post-seed-85', 'user-demo-4');
INSERT OR IGNORE INTO likes (post_id, user_id) VALUES ('post-seed-85', 'user-demo-5');
INSERT OR IGNORE INTO likes (post_id, user_id) VALUES ('post-seed-85', 'user-seed-1');
INSERT OR IGNORE INTO likes (post_id, user_id) VALUES ('post-seed-85', 'user-seed-2');
INSERT OR IGNORE INTO likes (post_id, user_id) VALUES ('post-seed-86', 'user-seed-1');
INSERT OR IGNORE INTO likes (post_id, user_id) VALUES ('post-seed-86', 'user-seed-2');
INSERT OR IGNORE INTO likes (post_id, user_id) VALUES ('post-seed-86', 'user-seed-3');
INSERT OR IGNORE INTO likes (post_id, user_id) VALUES ('post-seed-86', 'user-seed-4');
INSERT OR IGNORE INTO likes (post_id, user_id) VALUES ('post-seed-86', 'user-seed-5');
INSERT OR IGNORE INTO likes (post_id, user_id) VALUES ('post-seed-86', 'user-seed-6');
INSERT OR IGNORE INTO likes (post_id, user_id) VALUES ('post-seed-87', 'user-seed-4');
INSERT OR IGNORE INTO likes (post_id, user_id) VALUES ('post-seed-87', 'user-seed-5');
INSERT OR IGNORE INTO likes (post_id, user_id) VALUES ('post-seed-87', 'user-seed-6');
INSERT OR IGNORE INTO likes (post_id, user_id) VALUES ('post-seed-87', 'user-seed-7');
INSERT OR IGNORE INTO likes (post_id, user_id) VALUES ('post-seed-87', 'user-seed-8');
INSERT OR IGNORE INTO likes (post_id, user_id) VALUES ('post-seed-87', 'user-seed-9');
INSERT OR IGNORE INTO likes (post_id, user_id) VALUES ('post-seed-87', 'user-seed-10');
INSERT OR IGNORE INTO likes (post_id, user_id) VALUES ('post-seed-88', 'user-seed-7');
INSERT OR IGNORE INTO likes (post_id, user_id) VALUES ('post-seed-88', 'user-seed-8');
INSERT OR IGNORE INTO likes (post_id, user_id) VALUES ('post-seed-88', 'user-seed-9');
INSERT OR IGNORE INTO likes (post_id, user_id) VALUES ('post-seed-88', 'user-seed-10');
INSERT OR IGNORE INTO likes (post_id, user_id) VALUES ('post-seed-88', 'user-seed-11');
INSERT OR IGNORE INTO likes (post_id, user_id) VALUES ('post-seed-88', 'user-seed-12');
INSERT OR IGNORE INTO likes (post_id, user_id) VALUES ('post-seed-88', 'user-seed-13');
INSERT OR IGNORE INTO likes (post_id, user_id) VALUES ('post-seed-88', 'user-seed-14');
INSERT OR IGNORE INTO likes (post_id, user_id) VALUES ('post-seed-89', 'user-seed-10');
INSERT OR IGNORE INTO likes (post_id, user_id) VALUES ('post-seed-90', 'user-seed-13');
INSERT OR IGNORE INTO likes (post_id, user_id) VALUES ('post-seed-90', 'user-seed-14');

INSERT OR IGNORE INTO comments (id, post_id, author_id, content, created_at) VALUES ('comment-seed-1', 'post-seed-2', 'user-demo-4', 'Count me in.', datetime('now', '-2 days'));
INSERT OR IGNORE INTO comments (id, post_id, author_id, content, created_at) VALUES ('comment-seed-2', 'post-seed-3', 'user-demo-5', 'See you there.', datetime('now', '-3 days'));
INSERT OR IGNORE INTO comments (id, post_id, author_id, content, created_at) VALUES ('comment-seed-3', 'post-seed-3', 'user-seed-1', 'Sounds good.', datetime('now', '-3 days'));
INSERT OR IGNORE INTO comments (id, post_id, author_id, content, created_at) VALUES ('comment-seed-4', 'post-seed-4', 'user-seed-1', 'Sounds good.', datetime('now', '-4 days'));
INSERT OR IGNORE INTO comments (id, post_id, author_id, content, created_at) VALUES ('comment-seed-5', 'post-seed-4', 'user-seed-2', 'Can''t make it this week.', datetime('now', '-4 days'));
INSERT OR IGNORE INTO comments (id, post_id, author_id, content, created_at) VALUES ('comment-seed-6', 'post-seed-4', 'user-seed-3', 'What time?', datetime('now', '-4 days'));
INSERT OR IGNORE INTO comments (id, post_id, author_id, content, created_at) VALUES ('comment-seed-7', 'post-seed-6', 'user-seed-3', 'What time?', datetime('now', '-1 days'));
INSERT OR IGNORE INTO comments (id, post_id, author_id, content, created_at) VALUES ('comment-seed-8', 'post-seed-7', 'user-seed-4', 'I''m in!', datetime('now', '-2 days'));
INSERT OR IGNORE INTO comments (id, post_id, author_id, content, created_at) VALUES ('comment-seed-9', 'post-seed-7', 'user-seed-5', 'Count me in.', datetime('now', '-2 days'));
INSERT OR IGNORE INTO comments (id, post_id, author_id, content, created_at) VALUES ('comment-seed-10', 'post-seed-8', 'user-seed-5', 'Count me in.', datetime('now', '-3 days'));
INSERT OR IGNORE INTO comments (id, post_id, author_id, content, created_at) VALUES ('comment-seed-11', 'post-seed-8', 'user-seed-6', 'See you there.', datetime('now', '-3 days'));
INSERT OR IGNORE INTO comments (id, post_id, author_id, content, created_at) VALUES ('comment-seed-12', 'post-seed-8', 'user-seed-7', 'Sounds good.', datetime('now', '-3 days'));
INSERT OR IGNORE INTO comments (id, post_id, author_id, content, created_at) VALUES ('comment-seed-13', 'post-seed-10', 'user-seed-7', 'Sounds good.', datetime('now', '-5 days'));
INSERT OR IGNORE INTO comments (id, post_id, author_id, content, created_at) VALUES ('comment-seed-14', 'post-seed-11', 'user-seed-8', 'Can''t make it this week.', datetime('now', '-1 days'));
INSERT OR IGNORE INTO comments (id, post_id, author_id, content, created_at) VALUES ('comment-seed-15', 'post-seed-11', 'user-seed-9', 'What time?', datetime('now', '-1 days'));
INSERT OR IGNORE INTO comments (id, post_id, author_id, content, created_at) VALUES ('comment-seed-16', 'post-seed-12', 'user-seed-9', 'What time?', datetime('now', '-2 days'));
INSERT OR IGNORE INTO comments (id, post_id, author_id, content, created_at) VALUES ('comment-seed-17', 'post-seed-12', 'user-seed-10', 'I''m in!', datetime('now', '-2 days'));
INSERT OR IGNORE INTO comments (id, post_id, author_id, content, created_at) VALUES ('comment-seed-18', 'post-seed-12', 'user-seed-11', 'Count me in.', datetime('now', '-2 days'));
INSERT OR IGNORE INTO comments (id, post_id, author_id, content, created_at) VALUES ('comment-seed-19', 'post-seed-14', 'user-seed-11', 'Count me in.', datetime('now', '-4 days'));
INSERT OR IGNORE INTO comments (id, post_id, author_id, content, created_at) VALUES ('comment-seed-20', 'post-seed-15', 'user-seed-12', 'See you there.', datetime('now', '-5 days'));
INSERT OR IGNORE INTO comments (id, post_id, author_id, content, created_at) VALUES ('comment-seed-21', 'post-seed-15', 'user-seed-13', 'Sounds good.', datetime('now', '-5 days'));
INSERT OR IGNORE INTO comments (id, post_id, author_id, content, created_at) VALUES ('comment-seed-22', 'post-seed-16', 'user-seed-13', 'Sounds good.', datetime('now', '-1 days'));
INSERT OR IGNORE INTO comments (id, post_id, author_id, content, created_at) VALUES ('comment-seed-23', 'post-seed-16', 'user-seed-14', 'Can''t make it this week.', datetime('now', '-1 days'));
INSERT OR IGNORE INTO comments (id, post_id, author_id, content, created_at) VALUES ('comment-seed-24', 'post-seed-16', 'user-seed-15', 'What time?', datetime('now', '-1 days'));
INSERT OR IGNORE INTO comments (id, post_id, author_id, content, created_at) VALUES ('comment-seed-25', 'post-seed-18', 'user-seed-15', 'What time?', datetime('now', '-3 days'));
INSERT OR IGNORE INTO comments (id, post_id, author_id, content, created_at) VALUES ('comment-seed-26', 'post-seed-19', 'user-seed-16', 'I''m in!', datetime('now', '-4 days'));
INSERT OR IGNORE INTO comments (id, post_id, author_id, content, created_at) VALUES ('comment-seed-27', 'post-seed-19', 'user-seed-17', 'Count me in.', datetime('now', '-4 days'));
INSERT OR IGNORE INTO comments (id, post_id, author_id, content, created_at) VALUES ('comment-seed-28', 'post-seed-20', 'user-seed-17', 'Count me in.', datetime('now', '-5 days'));
INSERT OR IGNORE INTO comments (id, post_id, author_id, content, created_at) VALUES ('comment-seed-29', 'post-seed-20', 'user-seed-18', 'See you there.', datetime('now', '-5 days'));
INSERT OR IGNORE INTO comments (id, post_id, author_id, content, created_at) VALUES ('comment-seed-30', 'post-seed-20', 'user-seed-19', 'Sounds good.', datetime('now', '-5 days'));
INSERT OR IGNORE INTO comments (id, post_id, author_id, content, created_at) VALUES ('comment-seed-31', 'post-seed-22', 'user-seed-19', 'Sounds good.', datetime('now', '-2 days'));
INSERT OR IGNORE INTO comments (id, post_id, author_id, content, created_at) VALUES ('comment-seed-32', 'post-seed-23', 'user-seed-20', 'Can''t make it this week.', datetime('now', '-3 days'));
INSERT OR IGNORE INTO comments (id, post_id, author_id, content, created_at) VALUES ('comment-seed-33', 'post-seed-23', 'user-seed-21', 'What time?', datetime('now', '-3 days'));
INSERT OR IGNORE INTO comments (id, post_id, author_id, content, created_at) VALUES ('comment-seed-34', 'post-seed-24', 'user-seed-21', 'What time?', datetime('now', '-4 days'));
INSERT OR IGNORE INTO comments (id, post_id, author_id, content, created_at) VALUES ('comment-seed-35', 'post-seed-24', 'user-seed-22', 'I''m in!', datetime('now', '-4 days'));
INSERT OR IGNORE INTO comments (id, post_id, author_id, content, created_at) VALUES ('comment-seed-36', 'post-seed-24', 'user-seed-23', 'Count me in.', datetime('now', '-4 days'));
INSERT OR IGNORE INTO comments (id, post_id, author_id, content, created_at) VALUES ('comment-seed-37', 'post-seed-26', 'user-seed-23', 'Count me in.', datetime('now', '-1 days'));
INSERT OR IGNORE INTO comments (id, post_id, author_id, content, created_at) VALUES ('comment-seed-38', 'post-seed-27', 'user-seed-24', 'See you there.', datetime('now', '-2 days'));
INSERT OR IGNORE INTO comments (id, post_id, author_id, content, created_at) VALUES ('comment-seed-39', 'post-seed-27', 'user-seed-25', 'Sounds good.', datetime('now', '-2 days'));
INSERT OR IGNORE INTO comments (id, post_id, author_id, content, created_at) VALUES ('comment-seed-40', 'post-seed-28', 'user-seed-25', 'Sounds good.', datetime('now', '-3 days'));
INSERT OR IGNORE INTO comments (id, post_id, author_id, content, created_at) VALUES ('comment-seed-41', 'post-seed-28', 'user-seed-26', 'Can''t make it this week.', datetime('now', '-3 days'));
INSERT OR IGNORE INTO comments (id, post_id, author_id, content, created_at) VALUES ('comment-seed-42', 'post-seed-28', 'user-seed-27', 'What time?', datetime('now', '-3 days'));
INSERT OR IGNORE INTO comments (id, post_id, author_id, content, created_at) VALUES ('comment-seed-43', 'post-seed-30', 'user-seed-27', 'What time?', datetime('now', '-5 days'));
INSERT OR IGNORE INTO comments (id, post_id, author_id, content, created_at) VALUES ('comment-seed-44', 'post-seed-31', 'user-seed-28', 'I''m in!', datetime('now', '-1 days'));
INSERT OR IGNORE INTO comments (id, post_id, author_id, content, created_at) VALUES ('comment-seed-45', 'post-seed-31', 'user-seed-29', 'Count me in.', datetime('now', '-1 days'));
INSERT OR IGNORE INTO comments (id, post_id, author_id, content, created_at) VALUES ('comment-seed-46', 'post-seed-32', 'user-seed-29', 'Count me in.', datetime('now', '-2 days'));
INSERT OR IGNORE INTO comments (id, post_id, author_id, content, created_at) VALUES ('comment-seed-47', 'post-seed-32', 'user-seed-30', 'See you there.', datetime('now', '-2 days'));
INSERT OR IGNORE INTO comments (id, post_id, author_id, content, created_at) VALUES ('comment-seed-48', 'post-seed-32', 'user-seed-31', 'Sounds good.', datetime('now', '-2 days'));
INSERT OR IGNORE INTO comments (id, post_id, author_id, content, created_at) VALUES ('comment-seed-49', 'post-seed-34', 'user-seed-31', 'Sounds good.', datetime('now', '-4 days'));
INSERT OR IGNORE INTO comments (id, post_id, author_id, content, created_at) VALUES ('comment-seed-50', 'post-seed-35', 'user-seed-32', 'Can''t make it this week.', datetime('now', '-5 days'));
INSERT OR IGNORE INTO comments (id, post_id, author_id, content, created_at) VALUES ('comment-seed-51', 'post-seed-35', 'user-seed-33', 'What time?', datetime('now', '-5 days'));
INSERT OR IGNORE INTO comments (id, post_id, author_id, content, created_at) VALUES ('comment-seed-52', 'post-seed-36', 'user-seed-33', 'What time?', datetime('now', '-1 days'));
INSERT OR IGNORE INTO comments (id, post_id, author_id, content, created_at) VALUES ('comment-seed-53', 'post-seed-36', 'user-seed-34', 'I''m in!', datetime('now', '-1 days'));
INSERT OR IGNORE INTO comments (id, post_id, author_id, content, created_at) VALUES ('comment-seed-54', 'post-seed-36', 'user-seed-35', 'Count me in.', datetime('now', '-1 days'));
INSERT OR IGNORE INTO comments (id, post_id, author_id, content, created_at) VALUES ('comment-seed-55', 'post-seed-38', 'user-seed-35', 'Count me in.', datetime('now', '-3 days'));
INSERT OR IGNORE INTO comments (id, post_id, author_id, content, created_at) VALUES ('comment-seed-56', 'post-seed-39', 'user-seed-36', 'See you there.', datetime('now', '-4 days'));
INSERT OR IGNORE INTO comments (id, post_id, author_id, content, created_at) VALUES ('comment-seed-57', 'post-seed-39', 'user-seed-37', 'Sounds good.', datetime('now', '-4 days'));
INSERT OR IGNORE INTO comments (id, post_id, author_id, content, created_at) VALUES ('comment-seed-58', 'post-seed-40', 'user-seed-37', 'Sounds good.', datetime('now', '-5 days'));
INSERT OR IGNORE INTO comments (id, post_id, author_id, content, created_at) VALUES ('comment-seed-59', 'post-seed-40', 'user-seed-38', 'Can''t make it this week.', datetime('now', '-5 days'));
INSERT OR IGNORE INTO comments (id, post_id, author_id, content, created_at) VALUES ('comment-seed-60', 'post-seed-40', 'user-seed-39', 'What time?', datetime('now', '-5 days'));
INSERT OR IGNORE INTO comments (id, post_id, author_id, content, created_at) VALUES ('comment-seed-61', 'post-seed-42', 'user-seed-39', 'What time?', datetime('now', '-2 days'));
INSERT OR IGNORE INTO comments (id, post_id, author_id, content, created_at) VALUES ('comment-seed-62', 'post-seed-43', 'user-seed-40', 'I''m in!', datetime('now', '-3 days'));
INSERT OR IGNORE INTO comments (id, post_id, author_id, content, created_at) VALUES ('comment-seed-63', 'post-seed-43', 'user-seed-41', 'Count me in.', datetime('now', '-3 days'));
INSERT OR IGNORE INTO comments (id, post_id, author_id, content, created_at) VALUES ('comment-seed-64', 'post-seed-44', 'user-seed-41', 'Count me in.', datetime('now', '-4 days'));
INSERT OR IGNORE INTO comments (id, post_id, author_id, content, created_at) VALUES ('comment-seed-65', 'post-seed-44', 'user-seed-42', 'See you there.', datetime('now', '-4 days'));
INSERT OR IGNORE INTO comments (id, post_id, author_id, content, created_at) VALUES ('comment-seed-66', 'post-seed-44', 'user-seed-43', 'Sounds good.', datetime('now', '-4 days'));
INSERT OR IGNORE INTO comments (id, post_id, author_id, content, created_at) VALUES ('comment-seed-67', 'post-seed-46', 'user-seed-43', 'Sounds good.', datetime('now', '-1 days'));
INSERT OR IGNORE INTO comments (id, post_id, author_id, content, created_at) VALUES ('comment-seed-68', 'post-seed-47', 'user-seed-44', 'Can''t make it this week.', datetime('now', '-2 days'));
INSERT OR IGNORE INTO comments (id, post_id, author_id, content, created_at) VALUES ('comment-seed-69', 'post-seed-47', 'user-seed-45', 'What time?', datetime('now', '-2 days'));
INSERT OR IGNORE INTO comments (id, post_id, author_id, content, created_at) VALUES ('comment-seed-70', 'post-seed-48', 'user-seed-45', 'What time?', datetime('now', '-3 days'));
INSERT OR IGNORE INTO comments (id, post_id, author_id, content, created_at) VALUES ('comment-seed-71', 'post-seed-48', 'user-seed-46', 'I''m in!', datetime('now', '-3 days'));
INSERT OR IGNORE INTO comments (id, post_id, author_id, content, created_at) VALUES ('comment-seed-72', 'post-seed-48', 'user-seed-47', 'Count me in.', datetime('now', '-3 days'));
INSERT OR IGNORE INTO comments (id, post_id, author_id, content, created_at) VALUES ('comment-seed-73', 'post-seed-50', 'user-seed-47', 'Count me in.', datetime('now', '-5 days'));
INSERT OR IGNORE INTO comments (id, post_id, author_id, content, created_at) VALUES ('comment-seed-74', 'post-seed-51', 'user-seed-48', 'See you there.', datetime('now', '-1 days'));
INSERT OR IGNORE INTO comments (id, post_id, author_id, content, created_at) VALUES ('comment-seed-75', 'post-seed-51', 'user-seed-49', 'Sounds good.', datetime('now', '-1 days'));
INSERT OR IGNORE INTO comments (id, post_id, author_id, content, created_at) VALUES ('comment-seed-76', 'post-seed-52', 'user-seed-49', 'Sounds good.', datetime('now', '-2 days'));
INSERT OR IGNORE INTO comments (id, post_id, author_id, content, created_at) VALUES ('comment-seed-77', 'post-seed-52', 'user-seed-50', 'Can''t make it this week.', datetime('now', '-2 days'));
INSERT OR IGNORE INTO comments (id, post_id, author_id, content, created_at) VALUES ('comment-seed-78', 'post-seed-52', 'user-seed-51', 'What time?', datetime('now', '-2 days'));
INSERT OR IGNORE INTO comments (id, post_id, author_id, content, created_at) VALUES ('comment-seed-79', 'post-seed-54', 'user-seed-51', 'What time?', datetime('now', '-4 days'));
INSERT OR IGNORE INTO comments (id, post_id, author_id, content, created_at) VALUES ('comment-seed-80', 'post-seed-55', 'user-seed-52', 'I''m in!', datetime('now', '-5 days'));
INSERT OR IGNORE INTO comments (id, post_id, author_id, content, created_at) VALUES ('comment-seed-81', 'post-seed-55', 'user-seed-53', 'Count me in.', datetime('now', '-5 days'));
INSERT OR IGNORE INTO comments (id, post_id, author_id, content, created_at) VALUES ('comment-seed-82', 'post-seed-56', 'user-seed-53', 'Count me in.', datetime('now', '-1 days'));
INSERT OR IGNORE INTO comments (id, post_id, author_id, content, created_at) VALUES ('comment-seed-83', 'post-seed-56', 'user-seed-54', 'See you there.', datetime('now', '-1 days'));
INSERT OR IGNORE INTO comments (id, post_id, author_id, content, created_at) VALUES ('comment-seed-84', 'post-seed-56', 'user-seed-55', 'Sounds good.', datetime('now', '-1 days'));
INSERT OR IGNORE INTO comments (id, post_id, author_id, content, created_at) VALUES ('comment-seed-85', 'post-seed-58', 'user-seed-55', 'Sounds good.', datetime('now', '-3 days'));
INSERT OR IGNORE INTO comments (id, post_id, author_id, content, created_at) VALUES ('comment-seed-86', 'post-seed-59', 'user-seed-56', 'Can''t make it this week.', datetime('now', '-4 days'));
INSERT OR IGNORE INTO comments (id, post_id, author_id, content, created_at) VALUES ('comment-seed-87', 'post-seed-59', 'user-seed-57', 'What time?', datetime('now', '-4 days'));
INSERT OR IGNORE INTO comments (id, post_id, author_id, content, created_at) VALUES ('comment-seed-88', 'post-seed-60', 'user-seed-57', 'What time?', datetime('now', '-5 days'));
INSERT OR IGNORE INTO comments (id, post_id, author_id, content, created_at) VALUES ('comment-seed-89', 'post-seed-60', 'user-seed-58', 'I''m in!', datetime('now', '-5 days'));
INSERT OR IGNORE INTO comments (id, post_id, author_id, content, created_at) VALUES ('comment-seed-90', 'post-seed-60', 'user-seed-59', 'Count me in.', datetime('now', '-5 days'));
INSERT OR IGNORE INTO comments (id, post_id, author_id, content, created_at) VALUES ('comment-seed-91', 'post-seed-62', 'user-seed-59', 'Count me in.', datetime('now', '-2 days'));
INSERT OR IGNORE INTO comments (id, post_id, author_id, content, created_at) VALUES ('comment-seed-92', 'post-seed-63', 'user-seed-60', 'See you there.', datetime('now', '-3 days'));
INSERT OR IGNORE INTO comments (id, post_id, author_id, content, created_at) VALUES ('comment-seed-93', 'post-seed-63', 'user-seed-61', 'Sounds good.', datetime('now', '-3 days'));
INSERT OR IGNORE INTO comments (id, post_id, author_id, content, created_at) VALUES ('comment-seed-94', 'post-seed-64', 'user-seed-61', 'Sounds good.', datetime('now', '-4 days'));
INSERT OR IGNORE INTO comments (id, post_id, author_id, content, created_at) VALUES ('comment-seed-95', 'post-seed-64', 'user-seed-62', 'Can''t make it this week.', datetime('now', '-4 days'));
INSERT OR IGNORE INTO comments (id, post_id, author_id, content, created_at) VALUES ('comment-seed-96', 'post-seed-64', 'user-seed-63', 'What time?', datetime('now', '-4 days'));
INSERT OR IGNORE INTO comments (id, post_id, author_id, content, created_at) VALUES ('comment-seed-97', 'post-seed-66', 'user-seed-63', 'What time?', datetime('now', '-1 days'));
INSERT OR IGNORE INTO comments (id, post_id, author_id, content, created_at) VALUES ('comment-seed-98', 'post-seed-67', 'user-seed-64', 'I''m in!', datetime('now', '-2 days'));
INSERT OR IGNORE INTO comments (id, post_id, author_id, content, created_at) VALUES ('comment-seed-99', 'post-seed-67', 'user-seed-65', 'Count me in.', datetime('now', '-2 days'));
INSERT OR IGNORE INTO comments (id, post_id, author_id, content, created_at) VALUES ('comment-seed-100', 'post-seed-68', 'user-seed-65', 'Count me in.', datetime('now', '-3 days'));
INSERT OR IGNORE INTO comments (id, post_id, author_id, content, created_at) VALUES ('comment-seed-101', 'post-seed-68', 'user-seed-66', 'See you there.', datetime('now', '-3 days'));
INSERT OR IGNORE INTO comments (id, post_id, author_id, content, created_at) VALUES ('comment-seed-102', 'post-seed-68', 'user-seed-67', 'Sounds good.', datetime('now', '-3 days'));
INSERT OR IGNORE INTO comments (id, post_id, author_id, content, created_at) VALUES ('comment-seed-103', 'post-seed-70', 'user-seed-67', 'Sounds good.', datetime('now', '-5 days'));
INSERT OR IGNORE INTO comments (id, post_id, author_id, content, created_at) VALUES ('comment-seed-104', 'post-seed-71', 'user-seed-68', 'Can''t make it this week.', datetime('now', '-1 days'));
INSERT OR IGNORE INTO comments (id, post_id, author_id, content, created_at) VALUES ('comment-seed-105', 'post-seed-71', 'user-seed-69', 'What time?', datetime('now', '-1 days'));
INSERT OR IGNORE INTO comments (id, post_id, author_id, content, created_at) VALUES ('comment-seed-106', 'post-seed-72', 'user-seed-69', 'What time?', datetime('now', '-2 days'));
INSERT OR IGNORE INTO comments (id, post_id, author_id, content, created_at) VALUES ('comment-seed-107', 'post-seed-72', 'user-seed-70', 'I''m in!', datetime('now', '-2 days'));
INSERT OR IGNORE INTO comments (id, post_id, author_id, content, created_at) VALUES ('comment-seed-108', 'post-seed-72', 'user-seed-71', 'Count me in.', datetime('now', '-2 days'));
INSERT OR IGNORE INTO comments (id, post_id, author_id, content, created_at) VALUES ('comment-seed-109', 'post-seed-74', 'user-seed-71', 'Count me in.', datetime('now', '-4 days'));
INSERT OR IGNORE INTO comments (id, post_id, author_id, content, created_at) VALUES ('comment-seed-110', 'post-seed-75', 'user-seed-72', 'See you there.', datetime('now', '-5 days'));
INSERT OR IGNORE INTO comments (id, post_id, author_id, content, created_at) VALUES ('comment-seed-111', 'post-seed-75', 'user-seed-73', 'Sounds good.', datetime('now', '-5 days'));
INSERT OR IGNORE INTO comments (id, post_id, author_id, content, created_at) VALUES ('comment-seed-112', 'post-seed-76', 'user-seed-73', 'Sounds good.', datetime('now', '-1 days'));
INSERT OR IGNORE INTO comments (id, post_id, author_id, content, created_at) VALUES ('comment-seed-113', 'post-seed-76', 'user-seed-74', 'Can''t make it this week.', datetime('now', '-1 days'));
INSERT OR IGNORE INTO comments (id, post_id, author_id, content, created_at) VALUES ('comment-seed-114', 'post-seed-76', 'user-seed-75', 'What time?', datetime('now', '-1 days'));
INSERT OR IGNORE INTO comments (id, post_id, author_id, content, created_at) VALUES ('comment-seed-115', 'post-seed-78', 'user-seed-75', 'What time?', datetime('now', '-3 days'));
INSERT OR IGNORE INTO comments (id, post_id, author_id, content, created_at) VALUES ('comment-seed-116', 'post-seed-79', 'user-seed-76', 'I''m in!', datetime('now', '-4 days'));
INSERT OR IGNORE INTO comments (id, post_id, author_id, content, created_at) VALUES ('comment-seed-117', 'post-seed-79', 'user-seed-77', 'Count me in.', datetime('now', '-4 days'));
INSERT OR IGNORE INTO comments (id, post_id, author_id, content, created_at) VALUES ('comment-seed-118', 'post-seed-80', 'user-seed-77', 'Count me in.', datetime('now', '-5 days'));
INSERT OR IGNORE INTO comments (id, post_id, author_id, content, created_at) VALUES ('comment-seed-119', 'post-seed-80', 'user-seed-78', 'See you there.', datetime('now', '-5 days'));
INSERT OR IGNORE INTO comments (id, post_id, author_id, content, created_at) VALUES ('comment-seed-120', 'post-seed-80', 'user-seed-79', 'Sounds good.', datetime('now', '-5 days'));
INSERT OR IGNORE INTO comments (id, post_id, author_id, content, created_at) VALUES ('comment-seed-121', 'post-seed-82', 'user-seed-79', 'Sounds good.', datetime('now', '-2 days'));
INSERT OR IGNORE INTO comments (id, post_id, author_id, content, created_at) VALUES ('comment-seed-122', 'post-seed-83', 'user-seed-80', 'Can''t make it this week.', datetime('now', '-3 days'));
INSERT OR IGNORE INTO comments (id, post_id, author_id, content, created_at) VALUES ('comment-seed-123', 'post-seed-83', 'user-seed-81', 'What time?', datetime('now', '-3 days'));
INSERT OR IGNORE INTO comments (id, post_id, author_id, content, created_at) VALUES ('comment-seed-124', 'post-seed-84', 'user-seed-81', 'What time?', datetime('now', '-4 days'));
INSERT OR IGNORE INTO comments (id, post_id, author_id, content, created_at) VALUES ('comment-seed-125', 'post-seed-84', 'user-seed-82', 'I''m in!', datetime('now', '-4 days'));
INSERT OR IGNORE INTO comments (id, post_id, author_id, content, created_at) VALUES ('comment-seed-126', 'post-seed-84', 'user-seed-83', 'Count me in.', datetime('now', '-4 days'));
INSERT OR IGNORE INTO comments (id, post_id, author_id, content, created_at) VALUES ('comment-seed-127', 'post-seed-86', 'user-seed-83', 'Count me in.', datetime('now', '-1 days'));
INSERT OR IGNORE INTO comments (id, post_id, author_id, content, created_at) VALUES ('comment-seed-128', 'post-seed-87', 'user-seed-84', 'See you there.', datetime('now', '-2 days'));
INSERT OR IGNORE INTO comments (id, post_id, author_id, content, created_at) VALUES ('comment-seed-129', 'post-seed-87', 'user-seed-85', 'Sounds good.', datetime('now', '-2 days'));
INSERT OR IGNORE INTO comments (id, post_id, author_id, content, created_at) VALUES ('comment-seed-130', 'post-seed-88', 'user-seed-85', 'Sounds good.', datetime('now', '-3 days'));
INSERT OR IGNORE INTO comments (id, post_id, author_id, content, created_at) VALUES ('comment-seed-131', 'post-seed-88', 'user-seed-86', 'Can''t make it this week.', datetime('now', '-3 days'));
INSERT OR IGNORE INTO comments (id, post_id, author_id, content, created_at) VALUES ('comment-seed-132', 'post-seed-88', 'user-seed-87', 'What time?', datetime('now', '-3 days'));
INSERT OR IGNORE INTO comments (id, post_id, author_id, content, created_at) VALUES ('comment-seed-133', 'post-seed-90', 'user-seed-87', 'What time?', datetime('now', '-5 days'));

INSERT OR IGNORE INTO friend_requests (from_id, to_id, status, created_at) VALUES ('user-demo-1', 'user-demo-2', 'pending', datetime('now', '-1 days'));
INSERT OR IGNORE INTO friend_requests (from_id, to_id, status, created_at) VALUES ('user-seed-3', 'user-seed-8', 'accepted', datetime('now', '-2 days'));
INSERT OR IGNORE INTO friend_requests (from_id, to_id, status, created_at) VALUES ('user-seed-8', 'user-seed-3', 'accepted', datetime('now', '-2 days'));
INSERT OR IGNORE INTO friend_requests (from_id, to_id, status, created_at) VALUES ('user-seed-10', 'user-seed-19', 'accepted', datetime('now', '-3 days'));
INSERT OR IGNORE INTO friend_requests (from_id, to_id, status, created_at) VALUES ('user-seed-19', 'user-seed-10', 'accepted', datetime('now', '-3 days'));
INSERT OR IGNORE INTO friend_requests (from_id, to_id, status, created_at) VALUES ('user-seed-17', 'user-seed-30', 'accepted', datetime('now', '-4 days'));
INSERT OR IGNORE INTO friend_requests (from_id, to_id, status, created_at) VALUES ('user-seed-30', 'user-seed-17', 'accepted', datetime('now', '-4 days'));
INSERT OR IGNORE INTO friend_requests (from_id, to_id, status, created_at) VALUES ('user-seed-24', 'user-seed-41', 'accepted', datetime('now', '-5 days'));
INSERT OR IGNORE INTO friend_requests (from_id, to_id, status, created_at) VALUES ('user-seed-41', 'user-seed-24', 'accepted', datetime('now', '-5 days'));
INSERT OR IGNORE INTO friend_requests (from_id, to_id, status, created_at) VALUES ('user-seed-31', 'user-seed-52', 'accepted', datetime('now', '-6 days'));
INSERT OR IGNORE INTO friend_requests (from_id, to_id, status, created_at) VALUES ('user-seed-52', 'user-seed-31', 'accepted', datetime('now', '-6 days'));
INSERT OR IGNORE INTO friend_requests (from_id, to_id, status, created_at) VALUES ('user-seed-38', 'user-seed-63', 'accepted', datetime('now', '-7 days'));
INSERT OR IGNORE INTO friend_requests (from_id, to_id, status, created_at) VALUES ('user-seed-63', 'user-seed-38', 'accepted', datetime('now', '-7 days'));
INSERT OR IGNORE INTO friend_requests (from_id, to_id, status, created_at) VALUES ('user-seed-45', 'user-seed-74', 'accepted', datetime('now', '-8 days'));
INSERT OR IGNORE INTO friend_requests (from_id, to_id, status, created_at) VALUES ('user-seed-74', 'user-seed-45', 'accepted', datetime('now', '-8 days'));
INSERT OR IGNORE INTO friend_requests (from_id, to_id, status, created_at) VALUES ('user-seed-52', 'user-seed-85', 'accepted', datetime('now', '-9 days'));
INSERT OR IGNORE INTO friend_requests (from_id, to_id, status, created_at) VALUES ('user-seed-85', 'user-seed-52', 'accepted', datetime('now', '-9 days'));
INSERT OR IGNORE INTO friend_requests (from_id, to_id, status, created_at) VALUES ('user-seed-59', 'user-seed-96', 'accepted', datetime('now', '-10 days'));
INSERT OR IGNORE INTO friend_requests (from_id, to_id, status, created_at) VALUES ('user-seed-96', 'user-seed-59', 'accepted', datetime('now', '-10 days'));
INSERT OR IGNORE INTO friend_requests (from_id, to_id, status, created_at) VALUES ('user-seed-66', 'user-seed-107', 'pending', datetime('now', '-11 days'));
INSERT OR IGNORE INTO friend_requests (from_id, to_id, status, created_at) VALUES ('user-seed-73', 'user-seed-118', 'accepted', datetime('now', '-12 days'));
INSERT OR IGNORE INTO friend_requests (from_id, to_id, status, created_at) VALUES ('user-seed-118', 'user-seed-73', 'accepted', datetime('now', '-12 days'));
INSERT OR IGNORE INTO friend_requests (from_id, to_id, status, created_at) VALUES ('user-seed-80', 'user-seed-4', 'accepted', datetime('now', '-13 days'));
INSERT OR IGNORE INTO friend_requests (from_id, to_id, status, created_at) VALUES ('user-seed-4', 'user-seed-80', 'accepted', datetime('now', '-13 days'));
INSERT OR IGNORE INTO friend_requests (from_id, to_id, status, created_at) VALUES ('user-seed-87', 'user-seed-15', 'accepted', datetime('now', '-14 days'));
INSERT OR IGNORE INTO friend_requests (from_id, to_id, status, created_at) VALUES ('user-seed-15', 'user-seed-87', 'accepted', datetime('now', '-14 days'));
INSERT OR IGNORE INTO friend_requests (from_id, to_id, status, created_at) VALUES ('user-seed-94', 'user-seed-26', 'accepted', datetime('now', '-1 days'));
INSERT OR IGNORE INTO friend_requests (from_id, to_id, status, created_at) VALUES ('user-seed-26', 'user-seed-94', 'accepted', datetime('now', '-1 days'));
INSERT OR IGNORE INTO friend_requests (from_id, to_id, status, created_at) VALUES ('user-seed-101', 'user-seed-37', 'accepted', datetime('now', '-2 days'));
INSERT OR IGNORE INTO friend_requests (from_id, to_id, status, created_at) VALUES ('user-seed-37', 'user-seed-101', 'accepted', datetime('now', '-2 days'));
INSERT OR IGNORE INTO friend_requests (from_id, to_id, status, created_at) VALUES ('user-seed-108', 'user-seed-48', 'accepted', datetime('now', '-3 days'));
INSERT OR IGNORE INTO friend_requests (from_id, to_id, status, created_at) VALUES ('user-seed-48', 'user-seed-108', 'accepted', datetime('now', '-3 days'));
INSERT OR IGNORE INTO friend_requests (from_id, to_id, status, created_at) VALUES ('user-seed-115', 'user-seed-59', 'accepted', datetime('now', '-4 days'));
INSERT OR IGNORE INTO friend_requests (from_id, to_id, status, created_at) VALUES ('user-seed-59', 'user-seed-115', 'accepted', datetime('now', '-4 days'));
INSERT OR IGNORE INTO friend_requests (from_id, to_id, status, created_at) VALUES ('user-demo-2', 'user-seed-70', 'accepted', datetime('now', '-5 days'));
INSERT OR IGNORE INTO friend_requests (from_id, to_id, status, created_at) VALUES ('user-seed-70', 'user-demo-2', 'accepted', datetime('now', '-5 days'));
INSERT OR IGNORE INTO friend_requests (from_id, to_id, status, created_at) VALUES ('user-seed-4', 'user-seed-81', 'accepted', datetime('now', '-6 days'));
INSERT OR IGNORE INTO friend_requests (from_id, to_id, status, created_at) VALUES ('user-seed-81', 'user-seed-4', 'accepted', datetime('now', '-6 days'));
INSERT OR IGNORE INTO friend_requests (from_id, to_id, status, created_at) VALUES ('user-seed-11', 'user-seed-92', 'pending', datetime('now', '-7 days'));
INSERT OR IGNORE INTO friend_requests (from_id, to_id, status, created_at) VALUES ('user-seed-18', 'user-seed-103', 'accepted', datetime('now', '-8 days'));
INSERT OR IGNORE INTO friend_requests (from_id, to_id, status, created_at) VALUES ('user-seed-103', 'user-seed-18', 'accepted', datetime('now', '-8 days'));
INSERT OR IGNORE INTO friend_requests (from_id, to_id, status, created_at) VALUES ('user-seed-25', 'user-seed-114', 'accepted', datetime('now', '-9 days'));
INSERT OR IGNORE INTO friend_requests (from_id, to_id, status, created_at) VALUES ('user-seed-114', 'user-seed-25', 'accepted', datetime('now', '-9 days'));
INSERT OR IGNORE INTO friend_requests (from_id, to_id, status, created_at) VALUES ('user-seed-32', 'user-demo-5', 'accepted', datetime('now', '-10 days'));
INSERT OR IGNORE INTO friend_requests (from_id, to_id, status, created_at) VALUES ('user-demo-5', 'user-seed-32', 'accepted', datetime('now', '-10 days'));
INSERT OR IGNORE INTO friend_requests (from_id, to_id, status, created_at) VALUES ('user-seed-39', 'user-seed-11', 'accepted', datetime('now', '-11 days'));
INSERT OR IGNORE INTO friend_requests (from_id, to_id, status, created_at) VALUES ('user-seed-11', 'user-seed-39', 'accepted', datetime('now', '-11 days'));
INSERT OR IGNORE INTO friend_requests (from_id, to_id, status, created_at) VALUES ('user-seed-46', 'user-seed-22', 'accepted', datetime('now', '-12 days'));
INSERT OR IGNORE INTO friend_requests (from_id, to_id, status, created_at) VALUES ('user-seed-22', 'user-seed-46', 'accepted', datetime('now', '-12 days'));
INSERT OR IGNORE INTO friend_requests (from_id, to_id, status, created_at) VALUES ('user-seed-53', 'user-seed-33', 'accepted', datetime('now', '-13 days'));
INSERT OR IGNORE INTO friend_requests (from_id, to_id, status, created_at) VALUES ('user-seed-33', 'user-seed-53', 'accepted', datetime('now', '-13 days'));
INSERT OR IGNORE INTO friend_requests (from_id, to_id, status, created_at) VALUES ('user-seed-60', 'user-seed-44', 'accepted', datetime('now', '-14 days'));
INSERT OR IGNORE INTO friend_requests (from_id, to_id, status, created_at) VALUES ('user-seed-44', 'user-seed-60', 'accepted', datetime('now', '-14 days'));
INSERT OR IGNORE INTO friend_requests (from_id, to_id, status, created_at) VALUES ('user-seed-67', 'user-seed-55', 'accepted', datetime('now', '-1 days'));
INSERT OR IGNORE INTO friend_requests (from_id, to_id, status, created_at) VALUES ('user-seed-55', 'user-seed-67', 'accepted', datetime('now', '-1 days'));
INSERT OR IGNORE INTO friend_requests (from_id, to_id, status, created_at) VALUES ('user-seed-74', 'user-seed-66', 'accepted', datetime('now', '-2 days'));
INSERT OR IGNORE INTO friend_requests (from_id, to_id, status, created_at) VALUES ('user-seed-66', 'user-seed-74', 'accepted', datetime('now', '-2 days'));
INSERT OR IGNORE INTO friend_requests (from_id, to_id, status, created_at) VALUES ('user-seed-81', 'user-seed-77', 'pending', datetime('now', '-3 days'));
INSERT OR IGNORE INTO friend_requests (from_id, to_id, status, created_at) VALUES ('user-seed-88', 'user-seed-89', 'accepted', datetime('now', '-4 days'));
INSERT OR IGNORE INTO friend_requests (from_id, to_id, status, created_at) VALUES ('user-seed-89', 'user-seed-88', 'accepted', datetime('now', '-4 days'));
INSERT OR IGNORE INTO friend_requests (from_id, to_id, status, created_at) VALUES ('user-seed-95', 'user-seed-99', 'accepted', datetime('now', '-5 days'));
INSERT OR IGNORE INTO friend_requests (from_id, to_id, status, created_at) VALUES ('user-seed-99', 'user-seed-95', 'accepted', datetime('now', '-5 days'));
INSERT OR IGNORE INTO friend_requests (from_id, to_id, status, created_at) VALUES ('user-seed-102', 'user-seed-110', 'accepted', datetime('now', '-6 days'));
INSERT OR IGNORE INTO friend_requests (from_id, to_id, status, created_at) VALUES ('user-seed-110', 'user-seed-102', 'accepted', datetime('now', '-6 days'));
INSERT OR IGNORE INTO friend_requests (from_id, to_id, status, created_at) VALUES ('user-seed-109', 'user-demo-1', 'accepted', datetime('now', '-7 days'));
INSERT OR IGNORE INTO friend_requests (from_id, to_id, status, created_at) VALUES ('user-demo-1', 'user-seed-109', 'accepted', datetime('now', '-7 days'));
INSERT OR IGNORE INTO friend_requests (from_id, to_id, status, created_at) VALUES ('user-seed-116', 'user-seed-7', 'accepted', datetime('now', '-8 days'));
INSERT OR IGNORE INTO friend_requests (from_id, to_id, status, created_at) VALUES ('user-seed-7', 'user-seed-116', 'accepted', datetime('now', '-8 days'));
INSERT OR IGNORE INTO friend_requests (from_id, to_id, status, created_at) VALUES ('user-demo-3', 'user-seed-18', 'accepted', datetime('now', '-9 days'));
INSERT OR IGNORE INTO friend_requests (from_id, to_id, status, created_at) VALUES ('user-seed-18', 'user-demo-3', 'accepted', datetime('now', '-9 days'));
INSERT OR IGNORE INTO friend_requests (from_id, to_id, status, created_at) VALUES ('user-seed-5', 'user-seed-29', 'accepted', datetime('now', '-10 days'));
INSERT OR IGNORE INTO friend_requests (from_id, to_id, status, created_at) VALUES ('user-seed-29', 'user-seed-5', 'accepted', datetime('now', '-10 days'));
INSERT OR IGNORE INTO friend_requests (from_id, to_id, status, created_at) VALUES ('user-seed-12', 'user-seed-40', 'accepted', datetime('now', '-11 days'));
INSERT OR IGNORE INTO friend_requests (from_id, to_id, status, created_at) VALUES ('user-seed-40', 'user-seed-12', 'accepted', datetime('now', '-11 days'));
INSERT OR IGNORE INTO friend_requests (from_id, to_id, status, created_at) VALUES ('user-seed-19', 'user-seed-51', 'accepted', datetime('now', '-12 days'));
INSERT OR IGNORE INTO friend_requests (from_id, to_id, status, created_at) VALUES ('user-seed-51', 'user-seed-19', 'accepted', datetime('now', '-12 days'));
INSERT OR IGNORE INTO friend_requests (from_id, to_id, status, created_at) VALUES ('user-seed-26', 'user-seed-62', 'pending', datetime('now', '-13 days'));
INSERT OR IGNORE INTO friend_requests (from_id, to_id, status, created_at) VALUES ('user-seed-33', 'user-seed-73', 'accepted', datetime('now', '-14 days'));
INSERT OR IGNORE INTO friend_requests (from_id, to_id, status, created_at) VALUES ('user-seed-73', 'user-seed-33', 'accepted', datetime('now', '-14 days'));
INSERT OR IGNORE INTO friend_requests (from_id, to_id, status, created_at) VALUES ('user-seed-40', 'user-seed-84', 'accepted', datetime('now', '-1 days'));
INSERT OR IGNORE INTO friend_requests (from_id, to_id, status, created_at) VALUES ('user-seed-84', 'user-seed-40', 'accepted', datetime('now', '-1 days'));
INSERT OR IGNORE INTO friend_requests (from_id, to_id, status, created_at) VALUES ('user-seed-47', 'user-seed-95', 'accepted', datetime('now', '-2 days'));
INSERT OR IGNORE INTO friend_requests (from_id, to_id, status, created_at) VALUES ('user-seed-95', 'user-seed-47', 'accepted', datetime('now', '-2 days'));
INSERT OR IGNORE INTO friend_requests (from_id, to_id, status, created_at) VALUES ('user-seed-54', 'user-seed-106', 'accepted', datetime('now', '-3 days'));
INSERT OR IGNORE INTO friend_requests (from_id, to_id, status, created_at) VALUES ('user-seed-106', 'user-seed-54', 'accepted', datetime('now', '-3 days'));
INSERT OR IGNORE INTO friend_requests (from_id, to_id, status, created_at) VALUES ('user-seed-61', 'user-seed-117', 'accepted', datetime('now', '-4 days'));
INSERT OR IGNORE INTO friend_requests (from_id, to_id, status, created_at) VALUES ('user-seed-117', 'user-seed-61', 'accepted', datetime('now', '-4 days'));
INSERT OR IGNORE INTO friend_requests (from_id, to_id, status, created_at) VALUES ('user-seed-68', 'user-seed-3', 'accepted', datetime('now', '-5 days'));
INSERT OR IGNORE INTO friend_requests (from_id, to_id, status, created_at) VALUES ('user-seed-3', 'user-seed-68', 'accepted', datetime('now', '-5 days'));
INSERT OR IGNORE INTO friend_requests (from_id, to_id, status, created_at) VALUES ('user-seed-75', 'user-seed-14', 'accepted', datetime('now', '-6 days'));
INSERT OR IGNORE INTO friend_requests (from_id, to_id, status, created_at) VALUES ('user-seed-14', 'user-seed-75', 'accepted', datetime('now', '-6 days'));
INSERT OR IGNORE INTO friend_requests (from_id, to_id, status, created_at) VALUES ('user-seed-82', 'user-seed-25', 'accepted', datetime('now', '-7 days'));
INSERT OR IGNORE INTO friend_requests (from_id, to_id, status, created_at) VALUES ('user-seed-25', 'user-seed-82', 'accepted', datetime('now', '-7 days'));
INSERT OR IGNORE INTO friend_requests (from_id, to_id, status, created_at) VALUES ('user-seed-89', 'user-seed-36', 'accepted', datetime('now', '-8 days'));
INSERT OR IGNORE INTO friend_requests (from_id, to_id, status, created_at) VALUES ('user-seed-36', 'user-seed-89', 'accepted', datetime('now', '-8 days'));
INSERT OR IGNORE INTO friend_requests (from_id, to_id, status, created_at) VALUES ('user-seed-96', 'user-seed-47', 'pending', datetime('now', '-9 days'));
INSERT OR IGNORE INTO friend_requests (from_id, to_id, status, created_at) VALUES ('user-seed-103', 'user-seed-58', 'accepted', datetime('now', '-10 days'));
INSERT OR IGNORE INTO friend_requests (from_id, to_id, status, created_at) VALUES ('user-seed-58', 'user-seed-103', 'accepted', datetime('now', '-10 days'));
INSERT OR IGNORE INTO friend_requests (from_id, to_id, status, created_at) VALUES ('user-seed-110', 'user-seed-69', 'accepted', datetime('now', '-11 days'));
INSERT OR IGNORE INTO friend_requests (from_id, to_id, status, created_at) VALUES ('user-seed-69', 'user-seed-110', 'accepted', datetime('now', '-11 days'));
INSERT OR IGNORE INTO friend_requests (from_id, to_id, status, created_at) VALUES ('user-seed-117', 'user-seed-80', 'accepted', datetime('now', '-12 days'));
INSERT OR IGNORE INTO friend_requests (from_id, to_id, status, created_at) VALUES ('user-seed-80', 'user-seed-117', 'accepted', datetime('now', '-12 days'));
INSERT OR IGNORE INTO friend_requests (from_id, to_id, status, created_at) VALUES ('user-demo-4', 'user-seed-91', 'accepted', datetime('now', '-13 days'));
INSERT OR IGNORE INTO friend_requests (from_id, to_id, status, created_at) VALUES ('user-seed-91', 'user-demo-4', 'accepted', datetime('now', '-13 days'));
INSERT OR IGNORE INTO friend_requests (from_id, to_id, status, created_at) VALUES ('user-seed-6', 'user-seed-102', 'accepted', datetime('now', '-14 days'));
INSERT OR IGNORE INTO friend_requests (from_id, to_id, status, created_at) VALUES ('user-seed-102', 'user-seed-6', 'accepted', datetime('now', '-14 days'));
INSERT OR IGNORE INTO friend_requests (from_id, to_id, status, created_at) VALUES ('user-seed-13', 'user-seed-113', 'accepted', datetime('now', '-1 days'));
INSERT OR IGNORE INTO friend_requests (from_id, to_id, status, created_at) VALUES ('user-seed-113', 'user-seed-13', 'accepted', datetime('now', '-1 days'));
INSERT OR IGNORE INTO friend_requests (from_id, to_id, status, created_at) VALUES ('user-seed-20', 'user-demo-4', 'accepted', datetime('now', '-2 days'));
INSERT OR IGNORE INTO friend_requests (from_id, to_id, status, created_at) VALUES ('user-demo-4', 'user-seed-20', 'accepted', datetime('now', '-2 days'));
INSERT OR IGNORE INTO friend_requests (from_id, to_id, status, created_at) VALUES ('user-seed-27', 'user-seed-10', 'accepted', datetime('now', '-3 days'));
INSERT OR IGNORE INTO friend_requests (from_id, to_id, status, created_at) VALUES ('user-seed-10', 'user-seed-27', 'accepted', datetime('now', '-3 days'));
INSERT OR IGNORE INTO friend_requests (from_id, to_id, status, created_at) VALUES ('user-seed-34', 'user-seed-21', 'accepted', datetime('now', '-4 days'));
INSERT OR IGNORE INTO friend_requests (from_id, to_id, status, created_at) VALUES ('user-seed-21', 'user-seed-34', 'accepted', datetime('now', '-4 days'));
INSERT OR IGNORE INTO friend_requests (from_id, to_id, status, created_at) VALUES ('user-seed-41', 'user-seed-32', 'pending', datetime('now', '-5 days'));
INSERT OR IGNORE INTO friend_requests (from_id, to_id, status, created_at) VALUES ('user-seed-48', 'user-seed-43', 'accepted', datetime('now', '-6 days'));
INSERT OR IGNORE INTO friend_requests (from_id, to_id, status, created_at) VALUES ('user-seed-43', 'user-seed-48', 'accepted', datetime('now', '-6 days'));
INSERT OR IGNORE INTO friend_requests (from_id, to_id, status, created_at) VALUES ('user-seed-55', 'user-seed-54', 'accepted', datetime('now', '-7 days'));
INSERT OR IGNORE INTO friend_requests (from_id, to_id, status, created_at) VALUES ('user-seed-54', 'user-seed-55', 'accepted', datetime('now', '-7 days'));
INSERT OR IGNORE INTO friend_requests (from_id, to_id, status, created_at) VALUES ('user-seed-62', 'user-seed-65', 'accepted', datetime('now', '-8 days'));
INSERT OR IGNORE INTO friend_requests (from_id, to_id, status, created_at) VALUES ('user-seed-65', 'user-seed-62', 'accepted', datetime('now', '-8 days'));
INSERT OR IGNORE INTO friend_requests (from_id, to_id, status, created_at) VALUES ('user-seed-69', 'user-seed-76', 'accepted', datetime('now', '-9 days'));
INSERT OR IGNORE INTO friend_requests (from_id, to_id, status, created_at) VALUES ('user-seed-76', 'user-seed-69', 'accepted', datetime('now', '-9 days'));
INSERT OR IGNORE INTO friend_requests (from_id, to_id, status, created_at) VALUES ('user-seed-76', 'user-seed-87', 'accepted', datetime('now', '-10 days'));
INSERT OR IGNORE INTO friend_requests (from_id, to_id, status, created_at) VALUES ('user-seed-87', 'user-seed-76', 'accepted', datetime('now', '-10 days'));
INSERT OR IGNORE INTO friend_requests (from_id, to_id, status, created_at) VALUES ('user-seed-83', 'user-seed-98', 'accepted', datetime('now', '-11 days'));
INSERT OR IGNORE INTO friend_requests (from_id, to_id, status, created_at) VALUES ('user-seed-98', 'user-seed-83', 'accepted', datetime('now', '-11 days'));
INSERT OR IGNORE INTO friend_requests (from_id, to_id, status, created_at) VALUES ('user-seed-90', 'user-seed-109', 'accepted', datetime('now', '-12 days'));
INSERT OR IGNORE INTO friend_requests (from_id, to_id, status, created_at) VALUES ('user-seed-109', 'user-seed-90', 'accepted', datetime('now', '-12 days'));
INSERT OR IGNORE INTO friend_requests (from_id, to_id, status, created_at) VALUES ('user-seed-97', 'user-seed-120', 'accepted', datetime('now', '-13 days'));
INSERT OR IGNORE INTO friend_requests (from_id, to_id, status, created_at) VALUES ('user-seed-120', 'user-seed-97', 'accepted', datetime('now', '-13 days'));
INSERT OR IGNORE INTO friend_requests (from_id, to_id, status, created_at) VALUES ('user-seed-104', 'user-seed-6', 'accepted', datetime('now', '-14 days'));
INSERT OR IGNORE INTO friend_requests (from_id, to_id, status, created_at) VALUES ('user-seed-6', 'user-seed-104', 'accepted', datetime('now', '-14 days'));
INSERT OR IGNORE INTO friend_requests (from_id, to_id, status, created_at) VALUES ('user-seed-111', 'user-seed-17', 'pending', datetime('now', '-1 days'));
INSERT OR IGNORE INTO friend_requests (from_id, to_id, status, created_at) VALUES ('user-seed-118', 'user-seed-28', 'accepted', datetime('now', '-2 days'));
INSERT OR IGNORE INTO friend_requests (from_id, to_id, status, created_at) VALUES ('user-seed-28', 'user-seed-118', 'accepted', datetime('now', '-2 days'));
INSERT OR IGNORE INTO friend_requests (from_id, to_id, status, created_at) VALUES ('user-demo-5', 'user-seed-39', 'accepted', datetime('now', '-3 days'));
INSERT OR IGNORE INTO friend_requests (from_id, to_id, status, created_at) VALUES ('user-seed-39', 'user-demo-5', 'accepted', datetime('now', '-3 days'));
INSERT OR IGNORE INTO friend_requests (from_id, to_id, status, created_at) VALUES ('user-seed-7', 'user-seed-50', 'accepted', datetime('now', '-4 days'));
INSERT OR IGNORE INTO friend_requests (from_id, to_id, status, created_at) VALUES ('user-seed-50', 'user-seed-7', 'accepted', datetime('now', '-4 days'));
INSERT OR IGNORE INTO friend_requests (from_id, to_id, status, created_at) VALUES ('user-seed-14', 'user-seed-61', 'accepted', datetime('now', '-5 days'));
INSERT OR IGNORE INTO friend_requests (from_id, to_id, status, created_at) VALUES ('user-seed-61', 'user-seed-14', 'accepted', datetime('now', '-5 days'));
INSERT OR IGNORE INTO friend_requests (from_id, to_id, status, created_at) VALUES ('user-seed-21', 'user-seed-72', 'accepted', datetime('now', '-6 days'));
INSERT OR IGNORE INTO friend_requests (from_id, to_id, status, created_at) VALUES ('user-seed-72', 'user-seed-21', 'accepted', datetime('now', '-6 days'));
INSERT OR IGNORE INTO friend_requests (from_id, to_id, status, created_at) VALUES ('user-seed-28', 'user-seed-83', 'accepted', datetime('now', '-7 days'));
INSERT OR IGNORE INTO friend_requests (from_id, to_id, status, created_at) VALUES ('user-seed-83', 'user-seed-28', 'accepted', datetime('now', '-7 days'));
INSERT OR IGNORE INTO friend_requests (from_id, to_id, status, created_at) VALUES ('user-seed-35', 'user-seed-94', 'accepted', datetime('now', '-8 days'));
INSERT OR IGNORE INTO friend_requests (from_id, to_id, status, created_at) VALUES ('user-seed-94', 'user-seed-35', 'accepted', datetime('now', '-8 days'));
INSERT OR IGNORE INTO friend_requests (from_id, to_id, status, created_at) VALUES ('user-seed-42', 'user-seed-105', 'accepted', datetime('now', '-9 days'));
INSERT OR IGNORE INTO friend_requests (from_id, to_id, status, created_at) VALUES ('user-seed-105', 'user-seed-42', 'accepted', datetime('now', '-9 days'));
INSERT OR IGNORE INTO friend_requests (from_id, to_id, status, created_at) VALUES ('user-seed-49', 'user-seed-116', 'accepted', datetime('now', '-10 days'));
INSERT OR IGNORE INTO friend_requests (from_id, to_id, status, created_at) VALUES ('user-seed-116', 'user-seed-49', 'accepted', datetime('now', '-10 days'));
INSERT OR IGNORE INTO friend_requests (from_id, to_id, status, created_at) VALUES ('user-seed-56', 'user-seed-2', 'pending', datetime('now', '-11 days'));
INSERT OR IGNORE INTO friend_requests (from_id, to_id, status, created_at) VALUES ('user-seed-63', 'user-seed-13', 'accepted', datetime('now', '-12 days'));
INSERT OR IGNORE INTO friend_requests (from_id, to_id, status, created_at) VALUES ('user-seed-13', 'user-seed-63', 'accepted', datetime('now', '-12 days'));
INSERT OR IGNORE INTO friend_requests (from_id, to_id, status, created_at) VALUES ('user-seed-70', 'user-seed-24', 'accepted', datetime('now', '-13 days'));
INSERT OR IGNORE INTO friend_requests (from_id, to_id, status, created_at) VALUES ('user-seed-24', 'user-seed-70', 'accepted', datetime('now', '-13 days'));
INSERT OR IGNORE INTO friend_requests (from_id, to_id, status, created_at) VALUES ('user-seed-77', 'user-seed-35', 'accepted', datetime('now', '-14 days'));
INSERT OR IGNORE INTO friend_requests (from_id, to_id, status, created_at) VALUES ('user-seed-35', 'user-seed-77', 'accepted', datetime('now', '-14 days'));
INSERT OR IGNORE INTO friend_requests (from_id, to_id, status, created_at) VALUES ('user-seed-84', 'user-seed-46', 'accepted', datetime('now', '-1 days'));
INSERT OR IGNORE INTO friend_requests (from_id, to_id, status, created_at) VALUES ('user-seed-46', 'user-seed-84', 'accepted', datetime('now', '-1 days'));
INSERT OR IGNORE INTO friend_requests (from_id, to_id, status, created_at) VALUES ('user-seed-91', 'user-seed-57', 'accepted', datetime('now', '-2 days'));
INSERT OR IGNORE INTO friend_requests (from_id, to_id, status, created_at) VALUES ('user-seed-57', 'user-seed-91', 'accepted', datetime('now', '-2 days'));
INSERT OR IGNORE INTO friend_requests (from_id, to_id, status, created_at) VALUES ('user-seed-98', 'user-seed-68', 'accepted', datetime('now', '-3 days'));
INSERT OR IGNORE INTO friend_requests (from_id, to_id, status, created_at) VALUES ('user-seed-68', 'user-seed-98', 'accepted', datetime('now', '-3 days'));
INSERT OR IGNORE INTO friend_requests (from_id, to_id, status, created_at) VALUES ('user-seed-105', 'user-seed-79', 'accepted', datetime('now', '-4 days'));
INSERT OR IGNORE INTO friend_requests (from_id, to_id, status, created_at) VALUES ('user-seed-79', 'user-seed-105', 'accepted', datetime('now', '-4 days'));
INSERT OR IGNORE INTO friend_requests (from_id, to_id, status, created_at) VALUES ('user-seed-112', 'user-seed-90', 'accepted', datetime('now', '-5 days'));
INSERT OR IGNORE INTO friend_requests (from_id, to_id, status, created_at) VALUES ('user-seed-90', 'user-seed-112', 'accepted', datetime('now', '-5 days'));
INSERT OR IGNORE INTO friend_requests (from_id, to_id, status, created_at) VALUES ('user-seed-119', 'user-seed-101', 'accepted', datetime('now', '-6 days'));
INSERT OR IGNORE INTO friend_requests (from_id, to_id, status, created_at) VALUES ('user-seed-101', 'user-seed-119', 'accepted', datetime('now', '-6 days'));
INSERT OR IGNORE INTO friend_requests (from_id, to_id, status, created_at) VALUES ('user-seed-1', 'user-seed-112', 'pending', datetime('now', '-7 days'));
INSERT OR IGNORE INTO friend_requests (from_id, to_id, status, created_at) VALUES ('user-seed-8', 'user-demo-3', 'accepted', datetime('now', '-8 days'));
INSERT OR IGNORE INTO friend_requests (from_id, to_id, status, created_at) VALUES ('user-demo-3', 'user-seed-8', 'accepted', datetime('now', '-8 days'));
INSERT OR IGNORE INTO friend_requests (from_id, to_id, status, created_at) VALUES ('user-seed-15', 'user-seed-9', 'accepted', datetime('now', '-9 days'));
INSERT OR IGNORE INTO friend_requests (from_id, to_id, status, created_at) VALUES ('user-seed-9', 'user-seed-15', 'accepted', datetime('now', '-9 days'));
INSERT OR IGNORE INTO friend_requests (from_id, to_id, status, created_at) VALUES ('user-seed-22', 'user-seed-20', 'accepted', datetime('now', '-10 days'));
INSERT OR IGNORE INTO friend_requests (from_id, to_id, status, created_at) VALUES ('user-seed-20', 'user-seed-22', 'accepted', datetime('now', '-10 days'));
INSERT OR IGNORE INTO friend_requests (from_id, to_id, status, created_at) VALUES ('user-seed-29', 'user-seed-31', 'accepted', datetime('now', '-11 days'));
INSERT OR IGNORE INTO friend_requests (from_id, to_id, status, created_at) VALUES ('user-seed-31', 'user-seed-29', 'accepted', datetime('now', '-11 days'));
INSERT OR IGNORE INTO friend_requests (from_id, to_id, status, created_at) VALUES ('user-seed-36', 'user-seed-42', 'accepted', datetime('now', '-12 days'));
INSERT OR IGNORE INTO friend_requests (from_id, to_id, status, created_at) VALUES ('user-seed-42', 'user-seed-36', 'accepted', datetime('now', '-12 days'));
INSERT OR IGNORE INTO friend_requests (from_id, to_id, status, created_at) VALUES ('user-seed-43', 'user-seed-53', 'accepted', datetime('now', '-13 days'));
INSERT OR IGNORE INTO friend_requests (from_id, to_id, status, created_at) VALUES ('user-seed-53', 'user-seed-43', 'accepted', datetime('now', '-13 days'));
INSERT OR IGNORE INTO friend_requests (from_id, to_id, status, created_at) VALUES ('user-seed-50', 'user-seed-64', 'accepted', datetime('now', '-14 days'));
INSERT OR IGNORE INTO friend_requests (from_id, to_id, status, created_at) VALUES ('user-seed-64', 'user-seed-50', 'accepted', datetime('now', '-14 days'));
INSERT OR IGNORE INTO friend_requests (from_id, to_id, status, created_at) VALUES ('user-seed-57', 'user-seed-75', 'accepted', datetime('now', '-1 days'));
INSERT OR IGNORE INTO friend_requests (from_id, to_id, status, created_at) VALUES ('user-seed-75', 'user-seed-57', 'accepted', datetime('now', '-1 days'));
INSERT OR IGNORE INTO friend_requests (from_id, to_id, status, created_at) VALUES ('user-seed-64', 'user-seed-86', 'accepted', datetime('now', '-2 days'));
INSERT OR IGNORE INTO friend_requests (from_id, to_id, status, created_at) VALUES ('user-seed-86', 'user-seed-64', 'accepted', datetime('now', '-2 days'));
INSERT OR IGNORE INTO friend_requests (from_id, to_id, status, created_at) VALUES ('user-seed-71', 'user-seed-97', 'pending', datetime('now', '-3 days'));
INSERT OR IGNORE INTO friend_requests (from_id, to_id, status, created_at) VALUES ('user-seed-78', 'user-seed-108', 'accepted', datetime('now', '-4 days'));
INSERT OR IGNORE INTO friend_requests (from_id, to_id, status, created_at) VALUES ('user-seed-108', 'user-seed-78', 'accepted', datetime('now', '-4 days'));
INSERT OR IGNORE INTO friend_requests (from_id, to_id, status, created_at) VALUES ('user-seed-85', 'user-seed-119', 'accepted', datetime('now', '-5 days'));
INSERT OR IGNORE INTO friend_requests (from_id, to_id, status, created_at) VALUES ('user-seed-119', 'user-seed-85', 'accepted', datetime('now', '-5 days'));
INSERT OR IGNORE INTO friend_requests (from_id, to_id, status, created_at) VALUES ('user-seed-92', 'user-seed-5', 'accepted', datetime('now', '-6 days'));
INSERT OR IGNORE INTO friend_requests (from_id, to_id, status, created_at) VALUES ('user-seed-5', 'user-seed-92', 'accepted', datetime('now', '-6 days'));
INSERT OR IGNORE INTO friend_requests (from_id, to_id, status, created_at) VALUES ('user-seed-99', 'user-seed-16', 'accepted', datetime('now', '-7 days'));
INSERT OR IGNORE INTO friend_requests (from_id, to_id, status, created_at) VALUES ('user-seed-16', 'user-seed-99', 'accepted', datetime('now', '-7 days'));
INSERT OR IGNORE INTO friend_requests (from_id, to_id, status, created_at) VALUES ('user-seed-106', 'user-seed-27', 'accepted', datetime('now', '-8 days'));
INSERT OR IGNORE INTO friend_requests (from_id, to_id, status, created_at) VALUES ('user-seed-27', 'user-seed-106', 'accepted', datetime('now', '-8 days'));
INSERT OR IGNORE INTO friend_requests (from_id, to_id, status, created_at) VALUES ('user-seed-113', 'user-seed-38', 'accepted', datetime('now', '-9 days'));
INSERT OR IGNORE INTO friend_requests (from_id, to_id, status, created_at) VALUES ('user-seed-38', 'user-seed-113', 'accepted', datetime('now', '-9 days'));
INSERT OR IGNORE INTO friend_requests (from_id, to_id, status, created_at) VALUES ('user-seed-120', 'user-seed-49', 'accepted', datetime('now', '-10 days'));
INSERT OR IGNORE INTO friend_requests (from_id, to_id, status, created_at) VALUES ('user-seed-49', 'user-seed-120', 'accepted', datetime('now', '-10 days'));
INSERT OR IGNORE INTO friend_requests (from_id, to_id, status, created_at) VALUES ('user-seed-2', 'user-seed-60', 'accepted', datetime('now', '-11 days'));
INSERT OR IGNORE INTO friend_requests (from_id, to_id, status, created_at) VALUES ('user-seed-60', 'user-seed-2', 'accepted', datetime('now', '-11 days'));
INSERT OR IGNORE INTO friend_requests (from_id, to_id, status, created_at) VALUES ('user-seed-9', 'user-seed-71', 'accepted', datetime('now', '-12 days'));
INSERT OR IGNORE INTO friend_requests (from_id, to_id, status, created_at) VALUES ('user-seed-71', 'user-seed-9', 'accepted', datetime('now', '-12 days'));
INSERT OR IGNORE INTO friend_requests (from_id, to_id, status, created_at) VALUES ('user-seed-16', 'user-seed-82', 'pending', datetime('now', '-13 days'));
INSERT OR IGNORE INTO friend_requests (from_id, to_id, status, created_at) VALUES ('user-seed-23', 'user-seed-93', 'accepted', datetime('now', '-14 days'));
INSERT OR IGNORE INTO friend_requests (from_id, to_id, status, created_at) VALUES ('user-seed-93', 'user-seed-23', 'accepted', datetime('now', '-14 days'));
INSERT OR IGNORE INTO friend_requests (from_id, to_id, status, created_at) VALUES ('user-seed-30', 'user-seed-104', 'accepted', datetime('now', '-1 days'));
INSERT OR IGNORE INTO friend_requests (from_id, to_id, status, created_at) VALUES ('user-seed-104', 'user-seed-30', 'accepted', datetime('now', '-1 days'));
INSERT OR IGNORE INTO friend_requests (from_id, to_id, status, created_at) VALUES ('user-seed-37', 'user-seed-115', 'accepted', datetime('now', '-2 days'));
INSERT OR IGNORE INTO friend_requests (from_id, to_id, status, created_at) VALUES ('user-seed-115', 'user-seed-37', 'accepted', datetime('now', '-2 days'));
INSERT OR IGNORE INTO friend_requests (from_id, to_id, status, created_at) VALUES ('user-seed-44', 'user-seed-1', 'accepted', datetime('now', '-3 days'));
INSERT OR IGNORE INTO friend_requests (from_id, to_id, status, created_at) VALUES ('user-seed-1', 'user-seed-44', 'accepted', datetime('now', '-3 days'));
INSERT OR IGNORE INTO friend_requests (from_id, to_id, status, created_at) VALUES ('user-seed-51', 'user-seed-12', 'accepted', datetime('now', '-4 days'));
INSERT OR IGNORE INTO friend_requests (from_id, to_id, status, created_at) VALUES ('user-seed-12', 'user-seed-51', 'accepted', datetime('now', '-4 days'));
INSERT OR IGNORE INTO friend_requests (from_id, to_id, status, created_at) VALUES ('user-seed-58', 'user-seed-23', 'accepted', datetime('now', '-5 days'));
INSERT OR IGNORE INTO friend_requests (from_id, to_id, status, created_at) VALUES ('user-seed-23', 'user-seed-58', 'accepted', datetime('now', '-5 days'));
INSERT OR IGNORE INTO friend_requests (from_id, to_id, status, created_at) VALUES ('user-seed-65', 'user-seed-34', 'accepted', datetime('now', '-6 days'));
INSERT OR IGNORE INTO friend_requests (from_id, to_id, status, created_at) VALUES ('user-seed-34', 'user-seed-65', 'accepted', datetime('now', '-6 days'));
INSERT OR IGNORE INTO friend_requests (from_id, to_id, status, created_at) VALUES ('user-seed-72', 'user-seed-45', 'accepted', datetime('now', '-7 days'));
INSERT OR IGNORE INTO friend_requests (from_id, to_id, status, created_at) VALUES ('user-seed-45', 'user-seed-72', 'accepted', datetime('now', '-7 days'));
INSERT OR IGNORE INTO friend_requests (from_id, to_id, status, created_at) VALUES ('user-seed-79', 'user-seed-56', 'accepted', datetime('now', '-8 days'));
INSERT OR IGNORE INTO friend_requests (from_id, to_id, status, created_at) VALUES ('user-seed-56', 'user-seed-79', 'accepted', datetime('now', '-8 days'));
INSERT OR IGNORE INTO friend_requests (from_id, to_id, status, created_at) VALUES ('user-seed-86', 'user-seed-67', 'pending', datetime('now', '-9 days'));
INSERT OR IGNORE INTO friend_requests (from_id, to_id, status, created_at) VALUES ('user-seed-93', 'user-seed-78', 'accepted', datetime('now', '-10 days'));
INSERT OR IGNORE INTO friend_requests (from_id, to_id, status, created_at) VALUES ('user-seed-78', 'user-seed-93', 'accepted', datetime('now', '-10 days'));
INSERT OR IGNORE INTO friend_requests (from_id, to_id, status, created_at) VALUES ('user-seed-100', 'user-seed-89', 'accepted', datetime('now', '-11 days'));
INSERT OR IGNORE INTO friend_requests (from_id, to_id, status, created_at) VALUES ('user-seed-89', 'user-seed-100', 'accepted', datetime('now', '-11 days'));
INSERT OR IGNORE INTO friend_requests (from_id, to_id, status, created_at) VALUES ('user-seed-107', 'user-seed-100', 'accepted', datetime('now', '-12 days'));
INSERT OR IGNORE INTO friend_requests (from_id, to_id, status, created_at) VALUES ('user-seed-100', 'user-seed-107', 'accepted', datetime('now', '-12 days'));
INSERT OR IGNORE INTO friend_requests (from_id, to_id, status, created_at) VALUES ('user-seed-114', 'user-seed-111', 'accepted', datetime('now', '-13 days'));
INSERT OR IGNORE INTO friend_requests (from_id, to_id, status, created_at) VALUES ('user-seed-111', 'user-seed-114', 'accepted', datetime('now', '-13 days'));

INSERT OR IGNORE INTO messages (id, sender_id, receiver_id, content, created_at, read_at) VALUES ('msg-seed-1', 'user-demo-1', 'user-demo-2', 'Hey, still on for Saturday?', datetime('now', '-1 days'), NULL);
INSERT OR IGNORE INTO messages (id, sender_id, receiver_id, content, created_at, read_at) VALUES ('msg-seed-2', 'user-seed-9', 'user-seed-14', 'Yes! Court 2 at 10.', datetime('now', '-2 days'), datetime('now', '-1 days'));
INSERT OR IGNORE INTO messages (id, sender_id, receiver_id, content, created_at, read_at) VALUES ('msg-seed-3', 'user-seed-22', 'user-seed-31', 'Perfect, see you then.', datetime('now', '-3 days'), datetime('now', '-1 days'));
INSERT OR IGNORE INTO messages (id, sender_id, receiver_id, content, created_at, read_at) VALUES ('msg-seed-4', 'user-seed-35', 'user-seed-48', 'Running 5 min late.', datetime('now', '-4 days'), NULL);
INSERT OR IGNORE INTO messages (id, sender_id, receiver_id, content, created_at, read_at) VALUES ('msg-seed-5', 'user-seed-48', 'user-seed-65', 'Need a fourth?', datetime('now', '-5 days'), datetime('now', '-1 days'));
INSERT OR IGNORE INTO messages (id, sender_id, receiver_id, content, created_at, read_at) VALUES ('msg-seed-6', 'user-seed-61', 'user-seed-82', 'I''m in for tomorrow.', datetime('now', '-6 days'), datetime('now', '-1 days'));
INSERT OR IGNORE INTO messages (id, sender_id, receiver_id, content, created_at, read_at) VALUES ('msg-seed-7', 'user-seed-74', 'user-seed-99', 'What''s your DUPR?', datetime('now', '-7 days'), NULL);
INSERT OR IGNORE INTO messages (id, sender_id, receiver_id, content, created_at, read_at) VALUES ('msg-seed-8', 'user-seed-87', 'user-seed-116', 'Great game today!', datetime('now', '-1 days'), datetime('now', '-1 days'));
INSERT OR IGNORE INTO messages (id, sender_id, receiver_id, content, created_at, read_at) VALUES ('msg-seed-9', 'user-seed-100', 'user-seed-8', 'Hey, still on for Saturday?', datetime('now', '-2 days'), datetime('now', '-1 days'));
INSERT OR IGNORE INTO messages (id, sender_id, receiver_id, content, created_at, read_at) VALUES ('msg-seed-10', 'user-seed-113', 'user-seed-25', 'Yes! Court 2 at 10.', datetime('now', '-3 days'), NULL);
INSERT OR IGNORE INTO messages (id, sender_id, receiver_id, content, created_at, read_at) VALUES ('msg-seed-11', 'user-seed-1', 'user-seed-42', 'Perfect, see you then.', datetime('now', '-4 days'), datetime('now', '-1 days'));
INSERT OR IGNORE INTO messages (id, sender_id, receiver_id, content, created_at, read_at) VALUES ('msg-seed-12', 'user-seed-14', 'user-seed-59', 'Running 5 min late.', datetime('now', '-5 days'), datetime('now', '-1 days'));
INSERT OR IGNORE INTO messages (id, sender_id, receiver_id, content, created_at, read_at) VALUES ('msg-seed-13', 'user-seed-27', 'user-seed-76', 'Need a fourth?', datetime('now', '-6 days'), NULL);
INSERT OR IGNORE INTO messages (id, sender_id, receiver_id, content, created_at, read_at) VALUES ('msg-seed-14', 'user-seed-40', 'user-seed-93', 'I''m in for tomorrow.', datetime('now', '-7 days'), datetime('now', '-1 days'));
INSERT OR IGNORE INTO messages (id, sender_id, receiver_id, content, created_at, read_at) VALUES ('msg-seed-15', 'user-seed-53', 'user-seed-110', 'What''s your DUPR?', datetime('now', '-1 days'), datetime('now', '-1 days'));
INSERT OR IGNORE INTO messages (id, sender_id, receiver_id, content, created_at, read_at) VALUES ('msg-seed-16', 'user-seed-66', 'user-seed-2', 'Great game today!', datetime('now', '-2 days'), NULL);
INSERT OR IGNORE INTO messages (id, sender_id, receiver_id, content, created_at, read_at) VALUES ('msg-seed-17', 'user-seed-79', 'user-seed-19', 'Hey, still on for Saturday?', datetime('now', '-3 days'), datetime('now', '-1 days'));
INSERT OR IGNORE INTO messages (id, sender_id, receiver_id, content, created_at, read_at) VALUES ('msg-seed-18', 'user-seed-92', 'user-seed-36', 'Yes! Court 2 at 10.', datetime('now', '-4 days'), datetime('now', '-1 days'));
INSERT OR IGNORE INTO messages (id, sender_id, receiver_id, content, created_at, read_at) VALUES ('msg-seed-19', 'user-seed-105', 'user-seed-53', 'Perfect, see you then.', datetime('now', '-5 days'), NULL);
INSERT OR IGNORE INTO messages (id, sender_id, receiver_id, content, created_at, read_at) VALUES ('msg-seed-20', 'user-seed-118', 'user-seed-70', 'Running 5 min late.', datetime('now', '-6 days'), datetime('now', '-1 days'));
INSERT OR IGNORE INTO messages (id, sender_id, receiver_id, content, created_at, read_at) VALUES ('msg-seed-21', 'user-seed-6', 'user-seed-87', 'Need a fourth?', datetime('now', '-7 days'), datetime('now', '-1 days'));
INSERT OR IGNORE INTO messages (id, sender_id, receiver_id, content, created_at, read_at) VALUES ('msg-seed-22', 'user-seed-19', 'user-seed-104', 'I''m in for tomorrow.', datetime('now', '-1 days'), NULL);
INSERT OR IGNORE INTO messages (id, sender_id, receiver_id, content, created_at, read_at) VALUES ('msg-seed-23', 'user-seed-32', 'user-demo-1', 'What''s your DUPR?', datetime('now', '-2 days'), datetime('now', '-1 days'));
INSERT OR IGNORE INTO messages (id, sender_id, receiver_id, content, created_at, read_at) VALUES ('msg-seed-24', 'user-seed-45', 'user-seed-13', 'Great game today!', datetime('now', '-3 days'), datetime('now', '-1 days'));
INSERT OR IGNORE INTO messages (id, sender_id, receiver_id, content, created_at, read_at) VALUES ('msg-seed-25', 'user-seed-58', 'user-seed-30', 'Hey, still on for Saturday?', datetime('now', '-4 days'), NULL);
INSERT OR IGNORE INTO messages (id, sender_id, receiver_id, content, created_at, read_at) VALUES ('msg-seed-26', 'user-seed-71', 'user-seed-47', 'Yes! Court 2 at 10.', datetime('now', '-5 days'), datetime('now', '-1 days'));
INSERT OR IGNORE INTO messages (id, sender_id, receiver_id, content, created_at, read_at) VALUES ('msg-seed-27', 'user-seed-84', 'user-seed-64', 'Perfect, see you then.', datetime('now', '-6 days'), datetime('now', '-1 days'));
INSERT OR IGNORE INTO messages (id, sender_id, receiver_id, content, created_at, read_at) VALUES ('msg-seed-28', 'user-seed-97', 'user-seed-81', 'Running 5 min late.', datetime('now', '-7 days'), NULL);
INSERT OR IGNORE INTO messages (id, sender_id, receiver_id, content, created_at, read_at) VALUES ('msg-seed-29', 'user-seed-110', 'user-seed-98', 'Need a fourth?', datetime('now', '-1 days'), datetime('now', '-1 days'));
INSERT OR IGNORE INTO messages (id, sender_id, receiver_id, content, created_at, read_at) VALUES ('msg-seed-30', 'user-demo-3', 'user-seed-115', 'I''m in for tomorrow.', datetime('now', '-2 days'), datetime('now', '-1 days'));
INSERT OR IGNORE INTO messages (id, sender_id, receiver_id, content, created_at, read_at) VALUES ('msg-seed-31', 'user-seed-11', 'user-seed-7', 'What''s your DUPR?', datetime('now', '-3 days'), NULL);
INSERT OR IGNORE INTO messages (id, sender_id, receiver_id, content, created_at, read_at) VALUES ('msg-seed-32', 'user-seed-24', 'user-seed-25', 'Great game today!', datetime('now', '-4 days'), datetime('now', '-1 days'));
INSERT OR IGNORE INTO messages (id, sender_id, receiver_id, content, created_at, read_at) VALUES ('msg-seed-33', 'user-seed-37', 'user-seed-41', 'Hey, still on for Saturday?', datetime('now', '-5 days'), datetime('now', '-1 days'));
INSERT OR IGNORE INTO messages (id, sender_id, receiver_id, content, created_at, read_at) VALUES ('msg-seed-34', 'user-seed-50', 'user-seed-58', 'Yes! Court 2 at 10.', datetime('now', '-6 days'), NULL);
INSERT OR IGNORE INTO messages (id, sender_id, receiver_id, content, created_at, read_at) VALUES ('msg-seed-35', 'user-seed-63', 'user-seed-75', 'Perfect, see you then.', datetime('now', '-7 days'), datetime('now', '-1 days'));
INSERT OR IGNORE INTO messages (id, sender_id, receiver_id, content, created_at, read_at) VALUES ('msg-seed-36', 'user-seed-76', 'user-seed-92', 'Running 5 min late.', datetime('now', '-1 days'), datetime('now', '-1 days'));
INSERT OR IGNORE INTO messages (id, sender_id, receiver_id, content, created_at, read_at) VALUES ('msg-seed-37', 'user-seed-89', 'user-seed-109', 'Need a fourth?', datetime('now', '-2 days'), NULL);
INSERT OR IGNORE INTO messages (id, sender_id, receiver_id, content, created_at, read_at) VALUES ('msg-seed-38', 'user-seed-102', 'user-seed-1', 'I''m in for tomorrow.', datetime('now', '-3 days'), datetime('now', '-1 days'));
INSERT OR IGNORE INTO messages (id, sender_id, receiver_id, content, created_at, read_at) VALUES ('msg-seed-39', 'user-seed-115', 'user-seed-18', 'What''s your DUPR?', datetime('now', '-4 days'), datetime('now', '-1 days'));
INSERT OR IGNORE INTO messages (id, sender_id, receiver_id, content, created_at, read_at) VALUES ('msg-seed-40', 'user-seed-3', 'user-seed-35', 'Great game today!', datetime('now', '-5 days'), NULL);
INSERT OR IGNORE INTO messages (id, sender_id, receiver_id, content, created_at, read_at) VALUES ('msg-seed-41', 'user-seed-16', 'user-seed-52', 'Hey, still on for Saturday?', datetime('now', '-6 days'), datetime('now', '-1 days'));
INSERT OR IGNORE INTO messages (id, sender_id, receiver_id, content, created_at, read_at) VALUES ('msg-seed-42', 'user-seed-29', 'user-seed-69', 'Yes! Court 2 at 10.', datetime('now', '-7 days'), datetime('now', '-1 days'));
INSERT OR IGNORE INTO messages (id, sender_id, receiver_id, content, created_at, read_at) VALUES ('msg-seed-43', 'user-seed-42', 'user-seed-86', 'Perfect, see you then.', datetime('now', '-1 days'), NULL);
INSERT OR IGNORE INTO messages (id, sender_id, receiver_id, content, created_at, read_at) VALUES ('msg-seed-44', 'user-seed-55', 'user-seed-103', 'Running 5 min late.', datetime('now', '-2 days'), datetime('now', '-1 days'));
INSERT OR IGNORE INTO messages (id, sender_id, receiver_id, content, created_at, read_at) VALUES ('msg-seed-45', 'user-seed-68', 'user-seed-120', 'Need a fourth?', datetime('now', '-3 days'), datetime('now', '-1 days'));
INSERT OR IGNORE INTO messages (id, sender_id, receiver_id, content, created_at, read_at) VALUES ('msg-seed-46', 'user-seed-81', 'user-seed-12', 'I''m in for tomorrow.', datetime('now', '-4 days'), NULL);
INSERT OR IGNORE INTO messages (id, sender_id, receiver_id, content, created_at, read_at) VALUES ('msg-seed-47', 'user-seed-94', 'user-seed-29', 'What''s your DUPR?', datetime('now', '-5 days'), datetime('now', '-1 days'));
INSERT OR IGNORE INTO messages (id, sender_id, receiver_id, content, created_at, read_at) VALUES ('msg-seed-48', 'user-seed-107', 'user-seed-46', 'Great game today!', datetime('now', '-6 days'), datetime('now', '-1 days'));
INSERT OR IGNORE INTO messages (id, sender_id, receiver_id, content, created_at, read_at) VALUES ('msg-seed-49', 'user-seed-120', 'user-seed-63', 'Hey, still on for Saturday?', datetime('now', '-7 days'), NULL);
INSERT OR IGNORE INTO messages (id, sender_id, receiver_id, content, created_at, read_at) VALUES ('msg-seed-50', 'user-seed-8', 'user-seed-80', 'Yes! Court 2 at 10.', datetime('now', '-1 days'), datetime('now', '-1 days'));
INSERT OR IGNORE INTO messages (id, sender_id, receiver_id, content, created_at, read_at) VALUES ('msg-seed-51', 'user-seed-21', 'user-seed-97', 'Perfect, see you then.', datetime('now', '-2 days'), datetime('now', '-1 days'));
INSERT OR IGNORE INTO messages (id, sender_id, receiver_id, content, created_at, read_at) VALUES ('msg-seed-52', 'user-seed-34', 'user-seed-114', 'Running 5 min late.', datetime('now', '-3 days'), NULL);
INSERT OR IGNORE INTO messages (id, sender_id, receiver_id, content, created_at, read_at) VALUES ('msg-seed-53', 'user-seed-47', 'user-seed-6', 'Need a fourth?', datetime('now', '-4 days'), datetime('now', '-1 days'));
INSERT OR IGNORE INTO messages (id, sender_id, receiver_id, content, created_at, read_at) VALUES ('msg-seed-54', 'user-seed-60', 'user-seed-23', 'I''m in for tomorrow.', datetime('now', '-5 days'), datetime('now', '-1 days'));
INSERT OR IGNORE INTO messages (id, sender_id, receiver_id, content, created_at, read_at) VALUES ('msg-seed-55', 'user-seed-73', 'user-seed-40', 'What''s your DUPR?', datetime('now', '-6 days'), NULL);
INSERT OR IGNORE INTO messages (id, sender_id, receiver_id, content, created_at, read_at) VALUES ('msg-seed-56', 'user-seed-86', 'user-seed-57', 'Great game today!', datetime('now', '-7 days'), datetime('now', '-1 days'));
INSERT OR IGNORE INTO messages (id, sender_id, receiver_id, content, created_at, read_at) VALUES ('msg-seed-57', 'user-seed-99', 'user-seed-74', 'Hey, still on for Saturday?', datetime('now', '-1 days'), datetime('now', '-1 days'));
INSERT OR IGNORE INTO messages (id, sender_id, receiver_id, content, created_at, read_at) VALUES ('msg-seed-58', 'user-seed-112', 'user-seed-91', 'Yes! Court 2 at 10.', datetime('now', '-2 days'), NULL);
INSERT OR IGNORE INTO messages (id, sender_id, receiver_id, content, created_at, read_at) VALUES ('msg-seed-59', 'user-demo-5', 'user-seed-108', 'Perfect, see you then.', datetime('now', '-3 days'), datetime('now', '-1 days'));
INSERT OR IGNORE INTO messages (id, sender_id, receiver_id, content, created_at, read_at) VALUES ('msg-seed-60', 'user-seed-13', 'user-demo-5', 'Running 5 min late.', datetime('now', '-4 days'), datetime('now', '-1 days'));
INSERT OR IGNORE INTO messages (id, sender_id, receiver_id, content, created_at, read_at) VALUES ('msg-seed-61', 'user-seed-26', 'user-seed-17', 'Need a fourth?', datetime('now', '-5 days'), NULL);
INSERT OR IGNORE INTO messages (id, sender_id, receiver_id, content, created_at, read_at) VALUES ('msg-seed-62', 'user-seed-39', 'user-seed-34', 'I''m in for tomorrow.', datetime('now', '-6 days'), datetime('now', '-1 days'));
INSERT OR IGNORE INTO messages (id, sender_id, receiver_id, content, created_at, read_at) VALUES ('msg-seed-63', 'user-seed-52', 'user-seed-51', 'What''s your DUPR?', datetime('now', '-7 days'), datetime('now', '-1 days'));
INSERT OR IGNORE INTO messages (id, sender_id, receiver_id, content, created_at, read_at) VALUES ('msg-seed-64', 'user-seed-65', 'user-seed-68', 'Great game today!', datetime('now', '-1 days'), NULL);
INSERT OR IGNORE INTO messages (id, sender_id, receiver_id, content, created_at, read_at) VALUES ('msg-seed-65', 'user-seed-78', 'user-seed-85', 'Hey, still on for Saturday?', datetime('now', '-2 days'), datetime('now', '-1 days'));
INSERT OR IGNORE INTO messages (id, sender_id, receiver_id, content, created_at, read_at) VALUES ('msg-seed-66', 'user-seed-91', 'user-seed-102', 'Yes! Court 2 at 10.', datetime('now', '-3 days'), datetime('now', '-1 days'));
INSERT OR IGNORE INTO messages (id, sender_id, receiver_id, content, created_at, read_at) VALUES ('msg-seed-67', 'user-seed-104', 'user-seed-119', 'Perfect, see you then.', datetime('now', '-4 days'), NULL);
INSERT OR IGNORE INTO messages (id, sender_id, receiver_id, content, created_at, read_at) VALUES ('msg-seed-68', 'user-seed-117', 'user-seed-11', 'Running 5 min late.', datetime('now', '-5 days'), datetime('now', '-1 days'));
INSERT OR IGNORE INTO messages (id, sender_id, receiver_id, content, created_at, read_at) VALUES ('msg-seed-69', 'user-seed-5', 'user-seed-28', 'Need a fourth?', datetime('now', '-6 days'), datetime('now', '-1 days'));
INSERT OR IGNORE INTO messages (id, sender_id, receiver_id, content, created_at, read_at) VALUES ('msg-seed-70', 'user-seed-18', 'user-seed-45', 'I''m in for tomorrow.', datetime('now', '-7 days'), NULL);
INSERT OR IGNORE INTO messages (id, sender_id, receiver_id, content, created_at, read_at) VALUES ('msg-seed-71', 'user-seed-31', 'user-seed-62', 'What''s your DUPR?', datetime('now', '-1 days'), datetime('now', '-1 days'));
INSERT OR IGNORE INTO messages (id, sender_id, receiver_id, content, created_at, read_at) VALUES ('msg-seed-72', 'user-seed-44', 'user-seed-79', 'Great game today!', datetime('now', '-2 days'), datetime('now', '-1 days'));
INSERT OR IGNORE INTO messages (id, sender_id, receiver_id, content, created_at, read_at) VALUES ('msg-seed-73', 'user-seed-57', 'user-seed-96', 'Hey, still on for Saturday?', datetime('now', '-3 days'), NULL);
INSERT OR IGNORE INTO messages (id, sender_id, receiver_id, content, created_at, read_at) VALUES ('msg-seed-74', 'user-seed-70', 'user-seed-113', 'Yes! Court 2 at 10.', datetime('now', '-4 days'), datetime('now', '-1 days'));
INSERT OR IGNORE INTO messages (id, sender_id, receiver_id, content, created_at, read_at) VALUES ('msg-seed-75', 'user-seed-83', 'user-seed-5', 'Perfect, see you then.', datetime('now', '-5 days'), datetime('now', '-1 days'));
INSERT OR IGNORE INTO messages (id, sender_id, receiver_id, content, created_at, read_at) VALUES ('msg-seed-76', 'user-seed-96', 'user-seed-22', 'Running 5 min late.', datetime('now', '-6 days'), NULL);
INSERT OR IGNORE INTO messages (id, sender_id, receiver_id, content, created_at, read_at) VALUES ('msg-seed-77', 'user-seed-109', 'user-seed-39', 'Need a fourth?', datetime('now', '-7 days'), datetime('now', '-1 days'));
INSERT OR IGNORE INTO messages (id, sender_id, receiver_id, content, created_at, read_at) VALUES ('msg-seed-78', 'user-demo-2', 'user-seed-56', 'I''m in for tomorrow.', datetime('now', '-1 days'), datetime('now', '-1 days'));
INSERT OR IGNORE INTO messages (id, sender_id, receiver_id, content, created_at, read_at) VALUES ('msg-seed-79', 'user-seed-10', 'user-seed-73', 'What''s your DUPR?', datetime('now', '-2 days'), NULL);
INSERT OR IGNORE INTO messages (id, sender_id, receiver_id, content, created_at, read_at) VALUES ('msg-seed-80', 'user-seed-23', 'user-seed-90', 'Great game today!', datetime('now', '-3 days'), datetime('now', '-1 days'));
INSERT OR IGNORE INTO messages (id, sender_id, receiver_id, content, created_at, read_at) VALUES ('msg-seed-81', 'user-seed-36', 'user-seed-107', 'Hey, still on for Saturday?', datetime('now', '-4 days'), datetime('now', '-1 days'));
INSERT OR IGNORE INTO messages (id, sender_id, receiver_id, content, created_at, read_at) VALUES ('msg-seed-82', 'user-seed-49', 'user-demo-4', 'Yes! Court 2 at 10.', datetime('now', '-5 days'), NULL);
INSERT OR IGNORE INTO messages (id, sender_id, receiver_id, content, created_at, read_at) VALUES ('msg-seed-83', 'user-seed-62', 'user-seed-16', 'Perfect, see you then.', datetime('now', '-6 days'), datetime('now', '-1 days'));
INSERT OR IGNORE INTO messages (id, sender_id, receiver_id, content, created_at, read_at) VALUES ('msg-seed-84', 'user-seed-75', 'user-seed-33', 'Running 5 min late.', datetime('now', '-7 days'), datetime('now', '-1 days'));
INSERT OR IGNORE INTO messages (id, sender_id, receiver_id, content, created_at, read_at) VALUES ('msg-seed-85', 'user-seed-88', 'user-seed-50', 'Need a fourth?', datetime('now', '-1 days'), NULL);
INSERT OR IGNORE INTO messages (id, sender_id, receiver_id, content, created_at, read_at) VALUES ('msg-seed-86', 'user-seed-101', 'user-seed-67', 'I''m in for tomorrow.', datetime('now', '-2 days'), datetime('now', '-1 days'));
INSERT OR IGNORE INTO messages (id, sender_id, receiver_id, content, created_at, read_at) VALUES ('msg-seed-87', 'user-seed-114', 'user-seed-84', 'What''s your DUPR?', datetime('now', '-3 days'), datetime('now', '-1 days'));
INSERT OR IGNORE INTO messages (id, sender_id, receiver_id, content, created_at, read_at) VALUES ('msg-seed-88', 'user-seed-2', 'user-seed-101', 'Great game today!', datetime('now', '-4 days'), NULL);
INSERT OR IGNORE INTO messages (id, sender_id, receiver_id, content, created_at, read_at) VALUES ('msg-seed-89', 'user-seed-15', 'user-seed-118', 'Hey, still on for Saturday?', datetime('now', '-5 days'), datetime('now', '-1 days'));
INSERT OR IGNORE INTO messages (id, sender_id, receiver_id, content, created_at, read_at) VALUES ('msg-seed-90', 'user-seed-28', 'user-seed-10', 'Yes! Court 2 at 10.', datetime('now', '-6 days'), datetime('now', '-1 days'));
INSERT OR IGNORE INTO messages (id, sender_id, receiver_id, content, created_at, read_at) VALUES ('msg-seed-91', 'user-seed-41', 'user-seed-27', 'Perfect, see you then.', datetime('now', '-7 days'), NULL);
INSERT OR IGNORE INTO messages (id, sender_id, receiver_id, content, created_at, read_at) VALUES ('msg-seed-92', 'user-seed-54', 'user-seed-44', 'Running 5 min late.', datetime('now', '-1 days'), datetime('now', '-1 days'));
INSERT OR IGNORE INTO messages (id, sender_id, receiver_id, content, created_at, read_at) VALUES ('msg-seed-93', 'user-seed-67', 'user-seed-61', 'Need a fourth?', datetime('now', '-2 days'), datetime('now', '-1 days'));
INSERT OR IGNORE INTO messages (id, sender_id, receiver_id, content, created_at, read_at) VALUES ('msg-seed-94', 'user-seed-80', 'user-seed-78', 'I''m in for tomorrow.', datetime('now', '-3 days'), NULL);
INSERT OR IGNORE INTO messages (id, sender_id, receiver_id, content, created_at, read_at) VALUES ('msg-seed-95', 'user-seed-93', 'user-seed-95', 'What''s your DUPR?', datetime('now', '-4 days'), datetime('now', '-1 days'));
INSERT OR IGNORE INTO messages (id, sender_id, receiver_id, content, created_at, read_at) VALUES ('msg-seed-96', 'user-seed-106', 'user-seed-112', 'Great game today!', datetime('now', '-5 days'), datetime('now', '-1 days'));
INSERT OR IGNORE INTO messages (id, sender_id, receiver_id, content, created_at, read_at) VALUES ('msg-seed-97', 'user-seed-119', 'user-seed-4', 'Hey, still on for Saturday?', datetime('now', '-6 days'), NULL);
INSERT OR IGNORE INTO messages (id, sender_id, receiver_id, content, created_at, read_at) VALUES ('msg-seed-98', 'user-seed-7', 'user-seed-21', 'Yes! Court 2 at 10.', datetime('now', '-7 days'), datetime('now', '-1 days'));
INSERT OR IGNORE INTO messages (id, sender_id, receiver_id, content, created_at, read_at) VALUES ('msg-seed-99', 'user-seed-20', 'user-seed-38', 'Perfect, see you then.', datetime('now', '-1 days'), datetime('now', '-1 days'));
INSERT OR IGNORE INTO messages (id, sender_id, receiver_id, content, created_at, read_at) VALUES ('msg-seed-100', 'user-seed-33', 'user-seed-55', 'Running 5 min late.', datetime('now', '-2 days'), NULL);
INSERT OR IGNORE INTO messages (id, sender_id, receiver_id, content, created_at, read_at) VALUES ('msg-seed-101', 'user-seed-46', 'user-seed-72', 'Need a fourth?', datetime('now', '-3 days'), datetime('now', '-1 days'));
INSERT OR IGNORE INTO messages (id, sender_id, receiver_id, content, created_at, read_at) VALUES ('msg-seed-102', 'user-seed-59', 'user-seed-89', 'I''m in for tomorrow.', datetime('now', '-4 days'), datetime('now', '-1 days'));
INSERT OR IGNORE INTO messages (id, sender_id, receiver_id, content, created_at, read_at) VALUES ('msg-seed-103', 'user-seed-72', 'user-seed-106', 'What''s your DUPR?', datetime('now', '-5 days'), NULL);
INSERT OR IGNORE INTO messages (id, sender_id, receiver_id, content, created_at, read_at) VALUES ('msg-seed-104', 'user-seed-85', 'user-demo-3', 'Great game today!', datetime('now', '-6 days'), datetime('now', '-1 days'));
INSERT OR IGNORE INTO messages (id, sender_id, receiver_id, content, created_at, read_at) VALUES ('msg-seed-105', 'user-seed-98', 'user-seed-15', 'Hey, still on for Saturday?', datetime('now', '-7 days'), datetime('now', '-1 days'));
INSERT OR IGNORE INTO messages (id, sender_id, receiver_id, content, created_at, read_at) VALUES ('msg-seed-106', 'user-seed-111', 'user-seed-32', 'Yes! Court 2 at 10.', datetime('now', '-1 days'), NULL);
INSERT OR IGNORE INTO messages (id, sender_id, receiver_id, content, created_at, read_at) VALUES ('msg-seed-107', 'user-demo-4', 'user-seed-49', 'Perfect, see you then.', datetime('now', '-2 days'), datetime('now', '-1 days'));
INSERT OR IGNORE INTO messages (id, sender_id, receiver_id, content, created_at, read_at) VALUES ('msg-seed-108', 'user-seed-12', 'user-seed-66', 'Running 5 min late.', datetime('now', '-3 days'), datetime('now', '-1 days'));
INSERT OR IGNORE INTO messages (id, sender_id, receiver_id, content, created_at, read_at) VALUES ('msg-seed-109', 'user-seed-25', 'user-seed-83', 'Need a fourth?', datetime('now', '-4 days'), NULL);
INSERT OR IGNORE INTO messages (id, sender_id, receiver_id, content, created_at, read_at) VALUES ('msg-seed-110', 'user-seed-38', 'user-seed-100', 'I''m in for tomorrow.', datetime('now', '-5 days'), datetime('now', '-1 days'));
INSERT OR IGNORE INTO messages (id, sender_id, receiver_id, content, created_at, read_at) VALUES ('msg-seed-111', 'user-seed-51', 'user-seed-117', 'What''s your DUPR?', datetime('now', '-6 days'), datetime('now', '-1 days'));
INSERT OR IGNORE INTO messages (id, sender_id, receiver_id, content, created_at, read_at) VALUES ('msg-seed-112', 'user-seed-64', 'user-seed-9', 'Great game today!', datetime('now', '-7 days'), NULL);
INSERT OR IGNORE INTO messages (id, sender_id, receiver_id, content, created_at, read_at) VALUES ('msg-seed-113', 'user-seed-77', 'user-seed-26', 'Hey, still on for Saturday?', datetime('now', '-1 days'), datetime('now', '-1 days'));
INSERT OR IGNORE INTO messages (id, sender_id, receiver_id, content, created_at, read_at) VALUES ('msg-seed-114', 'user-seed-90', 'user-seed-43', 'Yes! Court 2 at 10.', datetime('now', '-2 days'), datetime('now', '-1 days'));
INSERT OR IGNORE INTO messages (id, sender_id, receiver_id, content, created_at, read_at) VALUES ('msg-seed-115', 'user-seed-103', 'user-seed-60', 'Perfect, see you then.', datetime('now', '-3 days'), NULL);
INSERT OR IGNORE INTO messages (id, sender_id, receiver_id, content, created_at, read_at) VALUES ('msg-seed-116', 'user-seed-116', 'user-seed-77', 'Running 5 min late.', datetime('now', '-4 days'), datetime('now', '-1 days'));
INSERT OR IGNORE INTO messages (id, sender_id, receiver_id, content, created_at, read_at) VALUES ('msg-seed-117', 'user-seed-4', 'user-seed-94', 'Need a fourth?', datetime('now', '-5 days'), datetime('now', '-1 days'));
INSERT OR IGNORE INTO messages (id, sender_id, receiver_id, content, created_at, read_at) VALUES ('msg-seed-118', 'user-seed-17', 'user-seed-111', 'I''m in for tomorrow.', datetime('now', '-6 days'), NULL);
INSERT OR IGNORE INTO messages (id, sender_id, receiver_id, content, created_at, read_at) VALUES ('msg-seed-119', 'user-seed-30', 'user-seed-3', 'What''s your DUPR?', datetime('now', '-7 days'), datetime('now', '-1 days'));
INSERT OR IGNORE INTO messages (id, sender_id, receiver_id, content, created_at, read_at) VALUES ('msg-seed-120', 'user-seed-43', 'user-seed-20', 'Great game today!', datetime('now', '-1 days'), datetime('now', '-1 days'));
INSERT OR IGNORE INTO messages (id, sender_id, receiver_id, content, created_at, read_at) VALUES ('msg-seed-121', 'user-seed-56', 'user-seed-37', 'Hey, still on for Saturday?', datetime('now', '-2 days'), NULL);
INSERT OR IGNORE INTO messages (id, sender_id, receiver_id, content, created_at, read_at) VALUES ('msg-seed-122', 'user-seed-69', 'user-seed-54', 'Yes! Court 2 at 10.', datetime('now', '-3 days'), datetime('now', '-1 days'));
INSERT OR IGNORE INTO messages (id, sender_id, receiver_id, content, created_at, read_at) VALUES ('msg-seed-123', 'user-seed-82', 'user-seed-71', 'Perfect, see you then.', datetime('now', '-4 days'), datetime('now', '-1 days'));
INSERT OR IGNORE INTO messages (id, sender_id, receiver_id, content, created_at, read_at) VALUES ('msg-seed-124', 'user-seed-95', 'user-seed-88', 'Running 5 min late.', datetime('now', '-5 days'), NULL);
INSERT OR IGNORE INTO messages (id, sender_id, receiver_id, content, created_at, read_at) VALUES ('msg-seed-125', 'user-seed-108', 'user-seed-105', 'Need a fourth?', datetime('now', '-6 days'), datetime('now', '-1 days'));
INSERT OR IGNORE INTO messages (id, sender_id, receiver_id, content, created_at, read_at) VALUES ('msg-seed-126', 'user-demo-1', 'user-demo-2', 'I''m in for tomorrow.', datetime('now', '-7 days'), datetime('now', '-1 days'));
INSERT OR IGNORE INTO messages (id, sender_id, receiver_id, content, created_at, read_at) VALUES ('msg-seed-127', 'user-seed-9', 'user-seed-14', 'What''s your DUPR?', datetime('now', '-1 days'), NULL);
INSERT OR IGNORE INTO messages (id, sender_id, receiver_id, content, created_at, read_at) VALUES ('msg-seed-128', 'user-seed-22', 'user-seed-31', 'Great game today!', datetime('now', '-2 days'), datetime('now', '-1 days'));
INSERT OR IGNORE INTO messages (id, sender_id, receiver_id, content, created_at, read_at) VALUES ('msg-seed-129', 'user-seed-35', 'user-seed-48', 'Hey, still on for Saturday?', datetime('now', '-3 days'), datetime('now', '-1 days'));
INSERT OR IGNORE INTO messages (id, sender_id, receiver_id, content, created_at, read_at) VALUES ('msg-seed-130', 'user-seed-48', 'user-seed-65', 'Yes! Court 2 at 10.', datetime('now', '-4 days'), NULL);
INSERT OR IGNORE INTO messages (id, sender_id, receiver_id, content, created_at, read_at) VALUES ('msg-seed-131', 'user-seed-61', 'user-seed-82', 'Perfect, see you then.', datetime('now', '-5 days'), datetime('now', '-1 days'));
INSERT OR IGNORE INTO messages (id, sender_id, receiver_id, content, created_at, read_at) VALUES ('msg-seed-132', 'user-seed-74', 'user-seed-99', 'Running 5 min late.', datetime('now', '-6 days'), datetime('now', '-1 days'));
INSERT OR IGNORE INTO messages (id, sender_id, receiver_id, content, created_at, read_at) VALUES ('msg-seed-133', 'user-seed-87', 'user-seed-116', 'Need a fourth?', datetime('now', '-7 days'), NULL);
INSERT OR IGNORE INTO messages (id, sender_id, receiver_id, content, created_at, read_at) VALUES ('msg-seed-134', 'user-seed-100', 'user-seed-8', 'I''m in for tomorrow.', datetime('now', '-1 days'), datetime('now', '-1 days'));
INSERT OR IGNORE INTO messages (id, sender_id, receiver_id, content, created_at, read_at) VALUES ('msg-seed-135', 'user-seed-113', 'user-seed-25', 'What''s your DUPR?', datetime('now', '-2 days'), datetime('now', '-1 days'));
INSERT OR IGNORE INTO messages (id, sender_id, receiver_id, content, created_at, read_at) VALUES ('msg-seed-136', 'user-seed-1', 'user-seed-42', 'Great game today!', datetime('now', '-3 days'), NULL);
INSERT OR IGNORE INTO messages (id, sender_id, receiver_id, content, created_at, read_at) VALUES ('msg-seed-137', 'user-seed-14', 'user-seed-59', 'Hey, still on for Saturday?', datetime('now', '-4 days'), datetime('now', '-1 days'));
INSERT OR IGNORE INTO messages (id, sender_id, receiver_id, content, created_at, read_at) VALUES ('msg-seed-138', 'user-seed-27', 'user-seed-76', 'Yes! Court 2 at 10.', datetime('now', '-5 days'), datetime('now', '-1 days'));
INSERT OR IGNORE INTO messages (id, sender_id, receiver_id, content, created_at, read_at) VALUES ('msg-seed-139', 'user-seed-40', 'user-seed-93', 'Perfect, see you then.', datetime('now', '-6 days'), NULL);
INSERT OR IGNORE INTO messages (id, sender_id, receiver_id, content, created_at, read_at) VALUES ('msg-seed-140', 'user-seed-53', 'user-seed-110', 'Running 5 min late.', datetime('now', '-7 days'), datetime('now', '-1 days'));
INSERT OR IGNORE INTO messages (id, sender_id, receiver_id, content, created_at, read_at) VALUES ('msg-seed-141', 'user-seed-66', 'user-seed-2', 'Need a fourth?', datetime('now', '-1 days'), datetime('now', '-1 days'));
INSERT OR IGNORE INTO messages (id, sender_id, receiver_id, content, created_at, read_at) VALUES ('msg-seed-142', 'user-seed-79', 'user-seed-19', 'I''m in for tomorrow.', datetime('now', '-2 days'), NULL);
INSERT OR IGNORE INTO messages (id, sender_id, receiver_id, content, created_at, read_at) VALUES ('msg-seed-143', 'user-seed-92', 'user-seed-36', 'What''s your DUPR?', datetime('now', '-3 days'), datetime('now', '-1 days'));
INSERT OR IGNORE INTO messages (id, sender_id, receiver_id, content, created_at, read_at) VALUES ('msg-seed-144', 'user-seed-105', 'user-seed-53', 'Great game today!', datetime('now', '-4 days'), datetime('now', '-1 days'));
INSERT OR IGNORE INTO messages (id, sender_id, receiver_id, content, created_at, read_at) VALUES ('msg-seed-145', 'user-seed-118', 'user-seed-70', 'Hey, still on for Saturday?', datetime('now', '-5 days'), NULL);
INSERT OR IGNORE INTO messages (id, sender_id, receiver_id, content, created_at, read_at) VALUES ('msg-seed-146', 'user-seed-6', 'user-seed-87', 'Yes! Court 2 at 10.', datetime('now', '-6 days'), datetime('now', '-1 days'));
INSERT OR IGNORE INTO messages (id, sender_id, receiver_id, content, created_at, read_at) VALUES ('msg-seed-147', 'user-seed-19', 'user-seed-104', 'Perfect, see you then.', datetime('now', '-7 days'), datetime('now', '-1 days'));
INSERT OR IGNORE INTO messages (id, sender_id, receiver_id, content, created_at, read_at) VALUES ('msg-seed-148', 'user-seed-32', 'user-demo-1', 'Running 5 min late.', datetime('now', '-1 days'), NULL);
INSERT OR IGNORE INTO messages (id, sender_id, receiver_id, content, created_at, read_at) VALUES ('msg-seed-149', 'user-seed-45', 'user-seed-13', 'Need a fourth?', datetime('now', '-2 days'), datetime('now', '-1 days'));
INSERT OR IGNORE INTO messages (id, sender_id, receiver_id, content, created_at, read_at) VALUES ('msg-seed-150', 'user-seed-58', 'user-seed-30', 'I''m in for tomorrow.', datetime('now', '-3 days'), datetime('now', '-1 days'));
INSERT OR IGNORE INTO messages (id, sender_id, receiver_id, content, created_at, read_at) VALUES ('msg-seed-151', 'user-seed-71', 'user-seed-47', 'What''s your DUPR?', datetime('now', '-4 days'), NULL);
INSERT OR IGNORE INTO messages (id, sender_id, receiver_id, content, created_at, read_at) VALUES ('msg-seed-152', 'user-seed-84', 'user-seed-64', 'Great game today!', datetime('now', '-5 days'), datetime('now', '-1 days'));
INSERT OR IGNORE INTO messages (id, sender_id, receiver_id, content, created_at, read_at) VALUES ('msg-seed-153', 'user-seed-97', 'user-seed-81', 'Hey, still on for Saturday?', datetime('now', '-6 days'), datetime('now', '-1 days'));
INSERT OR IGNORE INTO messages (id, sender_id, receiver_id, content, created_at, read_at) VALUES ('msg-seed-154', 'user-seed-110', 'user-seed-98', 'Yes! Court 2 at 10.', datetime('now', '-7 days'), NULL);
INSERT OR IGNORE INTO messages (id, sender_id, receiver_id, content, created_at, read_at) VALUES ('msg-seed-155', 'user-demo-3', 'user-seed-115', 'Perfect, see you then.', datetime('now', '-1 days'), datetime('now', '-1 days'));
INSERT OR IGNORE INTO messages (id, sender_id, receiver_id, content, created_at, read_at) VALUES ('msg-seed-156', 'user-seed-11', 'user-seed-7', 'Running 5 min late.', datetime('now', '-2 days'), datetime('now', '-1 days'));
INSERT OR IGNORE INTO messages (id, sender_id, receiver_id, content, created_at, read_at) VALUES ('msg-seed-157', 'user-seed-24', 'user-seed-25', 'Need a fourth?', datetime('now', '-3 days'), NULL);
INSERT OR IGNORE INTO messages (id, sender_id, receiver_id, content, created_at, read_at) VALUES ('msg-seed-158', 'user-seed-37', 'user-seed-41', 'I''m in for tomorrow.', datetime('now', '-4 days'), datetime('now', '-1 days'));
INSERT OR IGNORE INTO messages (id, sender_id, receiver_id, content, created_at, read_at) VALUES ('msg-seed-159', 'user-seed-50', 'user-seed-58', 'What''s your DUPR?', datetime('now', '-5 days'), datetime('now', '-1 days'));
INSERT OR IGNORE INTO messages (id, sender_id, receiver_id, content, created_at, read_at) VALUES ('msg-seed-160', 'user-seed-63', 'user-seed-75', 'Great game today!', datetime('now', '-6 days'), NULL);
INSERT OR IGNORE INTO messages (id, sender_id, receiver_id, content, created_at, read_at) VALUES ('msg-seed-161', 'user-seed-76', 'user-seed-92', 'Hey, still on for Saturday?', datetime('now', '-7 days'), datetime('now', '-1 days'));
INSERT OR IGNORE INTO messages (id, sender_id, receiver_id, content, created_at, read_at) VALUES ('msg-seed-162', 'user-seed-89', 'user-seed-109', 'Yes! Court 2 at 10.', datetime('now', '-1 days'), datetime('now', '-1 days'));
INSERT OR IGNORE INTO messages (id, sender_id, receiver_id, content, created_at, read_at) VALUES ('msg-seed-163', 'user-seed-102', 'user-seed-1', 'Perfect, see you then.', datetime('now', '-2 days'), NULL);
INSERT OR IGNORE INTO messages (id, sender_id, receiver_id, content, created_at, read_at) VALUES ('msg-seed-164', 'user-seed-115', 'user-seed-18', 'Running 5 min late.', datetime('now', '-3 days'), datetime('now', '-1 days'));
INSERT OR IGNORE INTO messages (id, sender_id, receiver_id, content, created_at, read_at) VALUES ('msg-seed-165', 'user-seed-3', 'user-seed-35', 'Need a fourth?', datetime('now', '-4 days'), datetime('now', '-1 days'));
INSERT OR IGNORE INTO messages (id, sender_id, receiver_id, content, created_at, read_at) VALUES ('msg-seed-166', 'user-seed-16', 'user-seed-52', 'I''m in for tomorrow.', datetime('now', '-5 days'), NULL);
INSERT OR IGNORE INTO messages (id, sender_id, receiver_id, content, created_at, read_at) VALUES ('msg-seed-167', 'user-seed-29', 'user-seed-69', 'What''s your DUPR?', datetime('now', '-6 days'), datetime('now', '-1 days'));
INSERT OR IGNORE INTO messages (id, sender_id, receiver_id, content, created_at, read_at) VALUES ('msg-seed-168', 'user-seed-42', 'user-seed-86', 'Great game today!', datetime('now', '-7 days'), datetime('now', '-1 days'));
INSERT OR IGNORE INTO messages (id, sender_id, receiver_id, content, created_at, read_at) VALUES ('msg-seed-169', 'user-seed-55', 'user-seed-103', 'Hey, still on for Saturday?', datetime('now', '-1 days'), NULL);
INSERT OR IGNORE INTO messages (id, sender_id, receiver_id, content, created_at, read_at) VALUES ('msg-seed-170', 'user-seed-68', 'user-seed-120', 'Yes! Court 2 at 10.', datetime('now', '-2 days'), datetime('now', '-1 days'));
INSERT OR IGNORE INTO messages (id, sender_id, receiver_id, content, created_at, read_at) VALUES ('msg-seed-171', 'user-seed-81', 'user-seed-12', 'Perfect, see you then.', datetime('now', '-3 days'), datetime('now', '-1 days'));
INSERT OR IGNORE INTO messages (id, sender_id, receiver_id, content, created_at, read_at) VALUES ('msg-seed-172', 'user-seed-94', 'user-seed-29', 'Running 5 min late.', datetime('now', '-4 days'), NULL);
INSERT OR IGNORE INTO messages (id, sender_id, receiver_id, content, created_at, read_at) VALUES ('msg-seed-173', 'user-seed-107', 'user-seed-46', 'Need a fourth?', datetime('now', '-5 days'), datetime('now', '-1 days'));
INSERT OR IGNORE INTO messages (id, sender_id, receiver_id, content, created_at, read_at) VALUES ('msg-seed-174', 'user-seed-120', 'user-seed-63', 'I''m in for tomorrow.', datetime('now', '-6 days'), datetime('now', '-1 days'));
INSERT OR IGNORE INTO messages (id, sender_id, receiver_id, content, created_at, read_at) VALUES ('msg-seed-175', 'user-seed-8', 'user-seed-80', 'What''s your DUPR?', datetime('now', '-7 days'), NULL);
INSERT OR IGNORE INTO messages (id, sender_id, receiver_id, content, created_at, read_at) VALUES ('msg-seed-176', 'user-seed-21', 'user-seed-97', 'Great game today!', datetime('now', '-1 days'), datetime('now', '-1 days'));
INSERT OR IGNORE INTO messages (id, sender_id, receiver_id, content, created_at, read_at) VALUES ('msg-seed-177', 'user-seed-34', 'user-seed-114', 'Hey, still on for Saturday?', datetime('now', '-2 days'), datetime('now', '-1 days'));
INSERT OR IGNORE INTO messages (id, sender_id, receiver_id, content, created_at, read_at) VALUES ('msg-seed-178', 'user-seed-47', 'user-seed-6', 'Yes! Court 2 at 10.', datetime('now', '-3 days'), NULL);
INSERT OR IGNORE INTO messages (id, sender_id, receiver_id, content, created_at, read_at) VALUES ('msg-seed-179', 'user-seed-60', 'user-seed-23', 'Perfect, see you then.', datetime('now', '-4 days'), datetime('now', '-1 days'));
INSERT OR IGNORE INTO messages (id, sender_id, receiver_id, content, created_at, read_at) VALUES ('msg-seed-180', 'user-seed-73', 'user-seed-40', 'Running 5 min late.', datetime('now', '-5 days'), datetime('now', '-1 days'));

INSERT OR IGNORE INTO court_queue (court_id, user_id, created_at) VALUES ('1', 'user-demo-1', datetime('now', '-0 minutes'));
INSERT OR IGNORE INTO court_queue (court_id, user_id, created_at) VALUES ('1', 'user-demo-2', datetime('now', '-5 minutes'));
INSERT OR IGNORE INTO court_admins (court_id, user_id, created_at) VALUES ('1', 'user-demo-1', datetime('now', '-1 day'));
INSERT OR IGNORE INTO court_queue (court_id, user_id, created_at) VALUES ('2', 'user-demo-4', datetime('now', '-0 minutes'));
INSERT OR IGNORE INTO court_queue (court_id, user_id, created_at) VALUES ('2', 'user-demo-5', datetime('now', '-5 minutes'));
INSERT OR IGNORE INTO court_queue (court_id, user_id, created_at) VALUES ('2', 'user-seed-1', datetime('now', '-10 minutes'));
INSERT OR IGNORE INTO court_admins (court_id, user_id, created_at) VALUES ('2', 'user-demo-2', datetime('now', '-1 day'));
INSERT OR IGNORE INTO court_queue (court_id, user_id, created_at) VALUES ('3', 'user-seed-2', datetime('now', '-0 minutes'));
INSERT OR IGNORE INTO court_queue (court_id, user_id, created_at) VALUES ('3', 'user-seed-3', datetime('now', '-5 minutes'));
INSERT OR IGNORE INTO court_queue (court_id, user_id, created_at) VALUES ('3', 'user-seed-4', datetime('now', '-10 minutes'));
INSERT OR IGNORE INTO court_queue (court_id, user_id, created_at) VALUES ('3', 'user-seed-5', datetime('now', '-15 minutes'));
INSERT OR IGNORE INTO court_admins (court_id, user_id, created_at) VALUES ('3', 'user-demo-3', datetime('now', '-1 day'));
INSERT OR IGNORE INTO court_queue (court_id, user_id, created_at) VALUES ('court-seed-1', 'user-seed-5', datetime('now', '-0 minutes'));
INSERT OR IGNORE INTO court_queue (court_id, user_id, created_at) VALUES ('court-seed-1', 'user-seed-6', datetime('now', '-5 minutes'));
INSERT OR IGNORE INTO court_queue (court_id, user_id, created_at) VALUES ('court-seed-1', 'user-seed-7', datetime('now', '-10 minutes'));
INSERT OR IGNORE INTO court_queue (court_id, user_id, created_at) VALUES ('court-seed-1', 'user-seed-8', datetime('now', '-15 minutes'));
INSERT OR IGNORE INTO court_queue (court_id, user_id, created_at) VALUES ('court-seed-1', 'user-seed-9', datetime('now', '-20 minutes'));
INSERT OR IGNORE INTO court_admins (court_id, user_id, created_at) VALUES ('court-seed-1', 'user-demo-4', datetime('now', '-1 day'));
INSERT OR IGNORE INTO court_queue (court_id, user_id, created_at) VALUES ('court-seed-2', 'user-seed-8', datetime('now', '-0 minutes'));
INSERT OR IGNORE INTO court_queue (court_id, user_id, created_at) VALUES ('court-seed-2', 'user-seed-9', datetime('now', '-5 minutes'));
INSERT OR IGNORE INTO court_queue (court_id, user_id, created_at) VALUES ('court-seed-2', 'user-seed-10', datetime('now', '-10 minutes'));
INSERT OR IGNORE INTO court_queue (court_id, user_id, created_at) VALUES ('court-seed-2', 'user-seed-11', datetime('now', '-15 minutes'));
INSERT OR IGNORE INTO court_queue (court_id, user_id, created_at) VALUES ('court-seed-2', 'user-seed-12', datetime('now', '-20 minutes'));
INSERT OR IGNORE INTO court_queue (court_id, user_id, created_at) VALUES ('court-seed-2', 'user-seed-13', datetime('now', '-25 minutes'));
INSERT OR IGNORE INTO court_admins (court_id, user_id, created_at) VALUES ('court-seed-2', 'user-demo-5', datetime('now', '-1 day'));
INSERT OR IGNORE INTO court_queue (court_id, user_id, created_at) VALUES ('court-seed-3', 'user-seed-11', datetime('now', '-0 minutes'));
INSERT OR IGNORE INTO court_queue (court_id, user_id, created_at) VALUES ('court-seed-3', 'user-seed-12', datetime('now', '-5 minutes'));
INSERT OR IGNORE INTO court_admins (court_id, user_id, created_at) VALUES ('court-seed-3', 'user-seed-1', datetime('now', '-1 day'));
INSERT OR IGNORE INTO court_queue (court_id, user_id, created_at) VALUES ('court-seed-4', 'user-seed-14', datetime('now', '-0 minutes'));
INSERT OR IGNORE INTO court_queue (court_id, user_id, created_at) VALUES ('court-seed-4', 'user-seed-15', datetime('now', '-5 minutes'));
INSERT OR IGNORE INTO court_queue (court_id, user_id, created_at) VALUES ('court-seed-4', 'user-seed-16', datetime('now', '-10 minutes'));
INSERT OR IGNORE INTO court_admins (court_id, user_id, created_at) VALUES ('court-seed-4', 'user-seed-2', datetime('now', '-1 day'));
INSERT OR IGNORE INTO court_queue (court_id, user_id, created_at) VALUES ('court-seed-5', 'user-seed-17', datetime('now', '-0 minutes'));
INSERT OR IGNORE INTO court_queue (court_id, user_id, created_at) VALUES ('court-seed-5', 'user-seed-18', datetime('now', '-5 minutes'));
INSERT OR IGNORE INTO court_queue (court_id, user_id, created_at) VALUES ('court-seed-5', 'user-seed-19', datetime('now', '-10 minutes'));
INSERT OR IGNORE INTO court_queue (court_id, user_id, created_at) VALUES ('court-seed-5', 'user-seed-20', datetime('now', '-15 minutes'));
INSERT OR IGNORE INTO court_admins (court_id, user_id, created_at) VALUES ('court-seed-5', 'user-seed-3', datetime('now', '-1 day'));
INSERT OR IGNORE INTO court_queue (court_id, user_id, created_at) VALUES ('court-seed-6', 'user-seed-20', datetime('now', '-0 minutes'));
INSERT OR IGNORE INTO court_queue (court_id, user_id, created_at) VALUES ('court-seed-6', 'user-seed-21', datetime('now', '-5 minutes'));
INSERT OR IGNORE INTO court_queue (court_id, user_id, created_at) VALUES ('court-seed-6', 'user-seed-22', datetime('now', '-10 minutes'));
INSERT OR IGNORE INTO court_queue (court_id, user_id, created_at) VALUES ('court-seed-6', 'user-seed-23', datetime('now', '-15 minutes'));
INSERT OR IGNORE INTO court_queue (court_id, user_id, created_at) VALUES ('court-seed-6', 'user-seed-24', datetime('now', '-20 minutes'));
INSERT OR IGNORE INTO court_admins (court_id, user_id, created_at) VALUES ('court-seed-6', 'user-seed-4', datetime('now', '-1 day'));
INSERT OR IGNORE INTO court_queue (court_id, user_id, created_at) VALUES ('court-seed-7', 'user-seed-23', datetime('now', '-0 minutes'));
INSERT OR IGNORE INTO court_queue (court_id, user_id, created_at) VALUES ('court-seed-7', 'user-seed-24', datetime('now', '-5 minutes'));
INSERT OR IGNORE INTO court_queue (court_id, user_id, created_at) VALUES ('court-seed-7', 'user-seed-25', datetime('now', '-10 minutes'));
INSERT OR IGNORE INTO court_queue (court_id, user_id, created_at) VALUES ('court-seed-7', 'user-seed-26', datetime('now', '-15 minutes'));
INSERT OR IGNORE INTO court_queue (court_id, user_id, created_at) VALUES ('court-seed-7', 'user-seed-27', datetime('now', '-20 minutes'));
INSERT OR IGNORE INTO court_queue (court_id, user_id, created_at) VALUES ('court-seed-7', 'user-seed-28', datetime('now', '-25 minutes'));
INSERT OR IGNORE INTO court_admins (court_id, user_id, created_at) VALUES ('court-seed-7', 'user-seed-5', datetime('now', '-1 day'));
INSERT OR IGNORE INTO court_queue (court_id, user_id, created_at) VALUES ('court-seed-8', 'user-seed-26', datetime('now', '-0 minutes'));
INSERT OR IGNORE INTO court_queue (court_id, user_id, created_at) VALUES ('court-seed-8', 'user-seed-27', datetime('now', '-5 minutes'));
INSERT OR IGNORE INTO court_admins (court_id, user_id, created_at) VALUES ('court-seed-8', 'user-seed-6', datetime('now', '-1 day'));
INSERT OR IGNORE INTO court_queue (court_id, user_id, created_at) VALUES ('court-seed-9', 'user-seed-29', datetime('now', '-0 minutes'));
INSERT OR IGNORE INTO court_queue (court_id, user_id, created_at) VALUES ('court-seed-9', 'user-seed-30', datetime('now', '-5 minutes'));
INSERT OR IGNORE INTO court_queue (court_id, user_id, created_at) VALUES ('court-seed-9', 'user-seed-31', datetime('now', '-10 minutes'));
INSERT OR IGNORE INTO court_admins (court_id, user_id, created_at) VALUES ('court-seed-9', 'user-seed-7', datetime('now', '-1 day'));
INSERT OR IGNORE INTO court_queue (court_id, user_id, created_at) VALUES ('court-seed-10', 'user-seed-32', datetime('now', '-0 minutes'));
INSERT OR IGNORE INTO court_queue (court_id, user_id, created_at) VALUES ('court-seed-10', 'user-seed-33', datetime('now', '-5 minutes'));
INSERT OR IGNORE INTO court_queue (court_id, user_id, created_at) VALUES ('court-seed-10', 'user-seed-34', datetime('now', '-10 minutes'));
INSERT OR IGNORE INTO court_queue (court_id, user_id, created_at) VALUES ('court-seed-10', 'user-seed-35', datetime('now', '-15 minutes'));
INSERT OR IGNORE INTO court_admins (court_id, user_id, created_at) VALUES ('court-seed-10', 'user-seed-8', datetime('now', '-1 day'));
INSERT OR IGNORE INTO court_queue (court_id, user_id, created_at) VALUES ('court-seed-11', 'user-seed-35', datetime('now', '-0 minutes'));
INSERT OR IGNORE INTO court_queue (court_id, user_id, created_at) VALUES ('court-seed-11', 'user-seed-36', datetime('now', '-5 minutes'));
INSERT OR IGNORE INTO court_queue (court_id, user_id, created_at) VALUES ('court-seed-11', 'user-seed-37', datetime('now', '-10 minutes'));
INSERT OR IGNORE INTO court_queue (court_id, user_id, created_at) VALUES ('court-seed-11', 'user-seed-38', datetime('now', '-15 minutes'));
INSERT OR IGNORE INTO court_queue (court_id, user_id, created_at) VALUES ('court-seed-11', 'user-seed-39', datetime('now', '-20 minutes'));
INSERT OR IGNORE INTO court_admins (court_id, user_id, created_at) VALUES ('court-seed-11', 'user-seed-9', datetime('now', '-1 day'));
INSERT OR IGNORE INTO court_queue (court_id, user_id, created_at) VALUES ('court-seed-12', 'user-seed-38', datetime('now', '-0 minutes'));
INSERT OR IGNORE INTO court_queue (court_id, user_id, created_at) VALUES ('court-seed-12', 'user-seed-39', datetime('now', '-5 minutes'));
INSERT OR IGNORE INTO court_queue (court_id, user_id, created_at) VALUES ('court-seed-12', 'user-seed-40', datetime('now', '-10 minutes'));
INSERT OR IGNORE INTO court_queue (court_id, user_id, created_at) VALUES ('court-seed-12', 'user-seed-41', datetime('now', '-15 minutes'));
INSERT OR IGNORE INTO court_queue (court_id, user_id, created_at) VALUES ('court-seed-12', 'user-seed-42', datetime('now', '-20 minutes'));
INSERT OR IGNORE INTO court_queue (court_id, user_id, created_at) VALUES ('court-seed-12', 'user-seed-43', datetime('now', '-25 minutes'));
INSERT OR IGNORE INTO court_admins (court_id, user_id, created_at) VALUES ('court-seed-12', 'user-seed-10', datetime('now', '-1 day'));
INSERT OR IGNORE INTO court_queue (court_id, user_id, created_at) VALUES ('court-seed-13', 'user-seed-41', datetime('now', '-0 minutes'));
INSERT OR IGNORE INTO court_queue (court_id, user_id, created_at) VALUES ('court-seed-13', 'user-seed-42', datetime('now', '-5 minutes'));
INSERT OR IGNORE INTO court_admins (court_id, user_id, created_at) VALUES ('court-seed-13', 'user-seed-11', datetime('now', '-1 day'));
INSERT OR IGNORE INTO court_queue (court_id, user_id, created_at) VALUES ('court-seed-14', 'user-seed-44', datetime('now', '-0 minutes'));
INSERT OR IGNORE INTO court_queue (court_id, user_id, created_at) VALUES ('court-seed-14', 'user-seed-45', datetime('now', '-5 minutes'));
INSERT OR IGNORE INTO court_queue (court_id, user_id, created_at) VALUES ('court-seed-14', 'user-seed-46', datetime('now', '-10 minutes'));
INSERT OR IGNORE INTO court_admins (court_id, user_id, created_at) VALUES ('court-seed-14', 'user-seed-12', datetime('now', '-1 day'));
INSERT OR IGNORE INTO court_queue (court_id, user_id, created_at) VALUES ('court-seed-15', 'user-seed-47', datetime('now', '-0 minutes'));
INSERT OR IGNORE INTO court_queue (court_id, user_id, created_at) VALUES ('court-seed-15', 'user-seed-48', datetime('now', '-5 minutes'));
INSERT OR IGNORE INTO court_queue (court_id, user_id, created_at) VALUES ('court-seed-15', 'user-seed-49', datetime('now', '-10 minutes'));
INSERT OR IGNORE INTO court_queue (court_id, user_id, created_at) VALUES ('court-seed-15', 'user-seed-50', datetime('now', '-15 minutes'));
INSERT OR IGNORE INTO court_admins (court_id, user_id, created_at) VALUES ('court-seed-15', 'user-seed-13', datetime('now', '-1 day'));
INSERT OR IGNORE INTO court_queue (court_id, user_id, created_at) VALUES ('court-seed-16', 'user-seed-50', datetime('now', '-0 minutes'));
INSERT OR IGNORE INTO court_queue (court_id, user_id, created_at) VALUES ('court-seed-16', 'user-seed-51', datetime('now', '-5 minutes'));
INSERT OR IGNORE INTO court_queue (court_id, user_id, created_at) VALUES ('court-seed-16', 'user-seed-52', datetime('now', '-10 minutes'));
INSERT OR IGNORE INTO court_queue (court_id, user_id, created_at) VALUES ('court-seed-16', 'user-seed-53', datetime('now', '-15 minutes'));
INSERT OR IGNORE INTO court_queue (court_id, user_id, created_at) VALUES ('court-seed-16', 'user-seed-54', datetime('now', '-20 minutes'));
INSERT OR IGNORE INTO court_admins (court_id, user_id, created_at) VALUES ('court-seed-16', 'user-seed-14', datetime('now', '-1 day'));
INSERT OR IGNORE INTO court_queue (court_id, user_id, created_at) VALUES ('court-seed-17', 'user-seed-53', datetime('now', '-0 minutes'));
INSERT OR IGNORE INTO court_queue (court_id, user_id, created_at) VALUES ('court-seed-17', 'user-seed-54', datetime('now', '-5 minutes'));
INSERT OR IGNORE INTO court_queue (court_id, user_id, created_at) VALUES ('court-seed-17', 'user-seed-55', datetime('now', '-10 minutes'));
INSERT OR IGNORE INTO court_queue (court_id, user_id, created_at) VALUES ('court-seed-17', 'user-seed-56', datetime('now', '-15 minutes'));
INSERT OR IGNORE INTO court_queue (court_id, user_id, created_at) VALUES ('court-seed-17', 'user-seed-57', datetime('now', '-20 minutes'));
INSERT OR IGNORE INTO court_queue (court_id, user_id, created_at) VALUES ('court-seed-17', 'user-seed-58', datetime('now', '-25 minutes'));
INSERT OR IGNORE INTO court_admins (court_id, user_id, created_at) VALUES ('court-seed-17', 'user-seed-15', datetime('now', '-1 day'));
INSERT OR IGNORE INTO court_queue (court_id, user_id, created_at) VALUES ('court-seed-18', 'user-seed-56', datetime('now', '-0 minutes'));
INSERT OR IGNORE INTO court_queue (court_id, user_id, created_at) VALUES ('court-seed-18', 'user-seed-57', datetime('now', '-5 minutes'));
INSERT OR IGNORE INTO court_admins (court_id, user_id, created_at) VALUES ('court-seed-18', 'user-seed-16', datetime('now', '-1 day'));
INSERT OR IGNORE INTO court_queue (court_id, user_id, created_at) VALUES ('court-seed-19', 'user-seed-59', datetime('now', '-0 minutes'));
INSERT OR IGNORE INTO court_queue (court_id, user_id, created_at) VALUES ('court-seed-19', 'user-seed-60', datetime('now', '-5 minutes'));
INSERT OR IGNORE INTO court_queue (court_id, user_id, created_at) VALUES ('court-seed-19', 'user-seed-61', datetime('now', '-10 minutes'));
INSERT OR IGNORE INTO court_admins (court_id, user_id, created_at) VALUES ('court-seed-19', 'user-seed-17', datetime('now', '-1 day'));
INSERT OR IGNORE INTO court_queue (court_id, user_id, created_at) VALUES ('court-seed-20', 'user-seed-62', datetime('now', '-0 minutes'));
INSERT OR IGNORE INTO court_queue (court_id, user_id, created_at) VALUES ('court-seed-20', 'user-seed-63', datetime('now', '-5 minutes'));
INSERT OR IGNORE INTO court_queue (court_id, user_id, created_at) VALUES ('court-seed-20', 'user-seed-64', datetime('now', '-10 minutes'));
INSERT OR IGNORE INTO court_queue (court_id, user_id, created_at) VALUES ('court-seed-20', 'user-seed-65', datetime('now', '-15 minutes'));
INSERT OR IGNORE INTO court_admins (court_id, user_id, created_at) VALUES ('court-seed-20', 'user-seed-18', datetime('now', '-1 day'));
INSERT OR IGNORE INTO court_queue (court_id, user_id, created_at) VALUES ('court-seed-21', 'user-seed-65', datetime('now', '-0 minutes'));
INSERT OR IGNORE INTO court_queue (court_id, user_id, created_at) VALUES ('court-seed-21', 'user-seed-66', datetime('now', '-5 minutes'));
INSERT OR IGNORE INTO court_queue (court_id, user_id, created_at) VALUES ('court-seed-21', 'user-seed-67', datetime('now', '-10 minutes'));
INSERT OR IGNORE INTO court_queue (court_id, user_id, created_at) VALUES ('court-seed-21', 'user-seed-68', datetime('now', '-15 minutes'));
INSERT OR IGNORE INTO court_queue (court_id, user_id, created_at) VALUES ('court-seed-21', 'user-seed-69', datetime('now', '-20 minutes'));
INSERT OR IGNORE INTO court_admins (court_id, user_id, created_at) VALUES ('court-seed-21', 'user-seed-19', datetime('now', '-1 day'));
INSERT OR IGNORE INTO court_queue (court_id, user_id, created_at) VALUES ('court-seed-22', 'user-seed-68', datetime('now', '-0 minutes'));
INSERT OR IGNORE INTO court_queue (court_id, user_id, created_at) VALUES ('court-seed-22', 'user-seed-69', datetime('now', '-5 minutes'));
INSERT OR IGNORE INTO court_queue (court_id, user_id, created_at) VALUES ('court-seed-22', 'user-seed-70', datetime('now', '-10 minutes'));
INSERT OR IGNORE INTO court_queue (court_id, user_id, created_at) VALUES ('court-seed-22', 'user-seed-71', datetime('now', '-15 minutes'));
INSERT OR IGNORE INTO court_queue (court_id, user_id, created_at) VALUES ('court-seed-22', 'user-seed-72', datetime('now', '-20 minutes'));
INSERT OR IGNORE INTO court_queue (court_id, user_id, created_at) VALUES ('court-seed-22', 'user-seed-73', datetime('now', '-25 minutes'));
INSERT OR IGNORE INTO court_admins (court_id, user_id, created_at) VALUES ('court-seed-22', 'user-seed-20', datetime('now', '-1 day'));

INSERT OR IGNORE INTO tournaments (id, name, admin_id, status, created_at) VALUES ('tournament-seed-1', 'Seed Tournament 1', 'user-demo-1', 'in_progress', datetime('now', '-6 days'));
INSERT OR IGNORE INTO tournament_participants (tournament_id, user_id, seed, created_at) VALUES ('tournament-seed-1', 'user-demo-3', 1, datetime('now'));
INSERT OR IGNORE INTO tournament_participants (tournament_id, user_id, seed, created_at) VALUES ('tournament-seed-1', 'user-demo-4', 2, datetime('now'));
INSERT OR IGNORE INTO tournament_participants (tournament_id, user_id, seed, created_at) VALUES ('tournament-seed-1', 'user-demo-5', 3, datetime('now'));
INSERT OR IGNORE INTO tournament_participants (tournament_id, user_id, seed, created_at) VALUES ('tournament-seed-1', 'user-seed-1', 4, datetime('now'));
INSERT OR IGNORE INTO tournaments (id, name, admin_id, status, created_at) VALUES ('tournament-seed-2', 'Seed Tournament 2', 'user-demo-2', 'completed', datetime('now', '-7 days'));
INSERT OR IGNORE INTO tournament_participants (tournament_id, user_id, seed, created_at) VALUES ('tournament-seed-2', 'user-demo-5', 1, datetime('now'));
INSERT OR IGNORE INTO tournament_participants (tournament_id, user_id, seed, created_at) VALUES ('tournament-seed-2', 'user-seed-1', 2, datetime('now'));
INSERT OR IGNORE INTO tournament_participants (tournament_id, user_id, seed, created_at) VALUES ('tournament-seed-2', 'user-seed-2', 3, datetime('now'));
INSERT OR IGNORE INTO tournament_participants (tournament_id, user_id, seed, created_at) VALUES ('tournament-seed-2', 'user-seed-3', 4, datetime('now'));
INSERT OR IGNORE INTO tournament_participants (tournament_id, user_id, seed, created_at) VALUES ('tournament-seed-2', 'user-seed-4', 5, datetime('now'));
INSERT OR IGNORE INTO tournament_participants (tournament_id, user_id, seed, created_at) VALUES ('tournament-seed-2', 'user-seed-5', 6, datetime('now'));
INSERT OR IGNORE INTO tournament_participants (tournament_id, user_id, seed, created_at) VALUES ('tournament-seed-2', 'user-seed-6', 7, datetime('now'));
INSERT OR IGNORE INTO tournament_participants (tournament_id, user_id, seed, created_at) VALUES ('tournament-seed-2', 'user-seed-7', 8, datetime('now'));
INSERT OR IGNORE INTO tournaments (id, name, admin_id, status, created_at) VALUES ('tournament-seed-3', 'Seed Tournament 3', 'user-demo-3', 'draft', datetime('now', '-8 days'));
INSERT OR IGNORE INTO tournament_participants (tournament_id, user_id, seed, created_at) VALUES ('tournament-seed-3', 'user-seed-2', 1, datetime('now'));
INSERT OR IGNORE INTO tournament_participants (tournament_id, user_id, seed, created_at) VALUES ('tournament-seed-3', 'user-seed-3', 2, datetime('now'));
INSERT OR IGNORE INTO tournament_participants (tournament_id, user_id, seed, created_at) VALUES ('tournament-seed-3', 'user-seed-4', 3, datetime('now'));
INSERT OR IGNORE INTO tournament_participants (tournament_id, user_id, seed, created_at) VALUES ('tournament-seed-3', 'user-seed-5', 4, datetime('now'));
INSERT OR IGNORE INTO tournament_participants (tournament_id, user_id, seed, created_at) VALUES ('tournament-seed-3', 'user-seed-6', 5, datetime('now'));
INSERT OR IGNORE INTO tournament_participants (tournament_id, user_id, seed, created_at) VALUES ('tournament-seed-3', 'user-seed-7', 6, datetime('now'));
INSERT OR IGNORE INTO tournament_participants (tournament_id, user_id, seed, created_at) VALUES ('tournament-seed-3', 'user-seed-8', 7, datetime('now'));
INSERT OR IGNORE INTO tournament_participants (tournament_id, user_id, seed, created_at) VALUES ('tournament-seed-3', 'user-seed-9', 8, datetime('now'));
INSERT OR IGNORE INTO tournaments (id, name, admin_id, status, created_at) VALUES ('tournament-seed-4', 'Seed Tournament 4', 'user-demo-4', 'in_progress', datetime('now', '-9 days'));
INSERT OR IGNORE INTO tournament_participants (tournament_id, user_id, seed, created_at) VALUES ('tournament-seed-4', 'user-seed-4', 1, datetime('now'));
INSERT OR IGNORE INTO tournament_participants (tournament_id, user_id, seed, created_at) VALUES ('tournament-seed-4', 'user-seed-5', 2, datetime('now'));
INSERT OR IGNORE INTO tournament_participants (tournament_id, user_id, seed, created_at) VALUES ('tournament-seed-4', 'user-seed-6', 3, datetime('now'));
INSERT OR IGNORE INTO tournament_participants (tournament_id, user_id, seed, created_at) VALUES ('tournament-seed-4', 'user-seed-7', 4, datetime('now'));
INSERT OR IGNORE INTO tournament_participants (tournament_id, user_id, seed, created_at) VALUES ('tournament-seed-4', 'user-seed-8', 5, datetime('now'));
INSERT OR IGNORE INTO tournament_participants (tournament_id, user_id, seed, created_at) VALUES ('tournament-seed-4', 'user-seed-9', 6, datetime('now'));
INSERT OR IGNORE INTO tournament_participants (tournament_id, user_id, seed, created_at) VALUES ('tournament-seed-4', 'user-seed-10', 7, datetime('now'));
INSERT OR IGNORE INTO tournament_participants (tournament_id, user_id, seed, created_at) VALUES ('tournament-seed-4', 'user-seed-11', 8, datetime('now'));
INSERT OR IGNORE INTO tournament_participants (tournament_id, user_id, seed, created_at) VALUES ('tournament-seed-4', 'user-seed-12', 9, datetime('now'));
INSERT OR IGNORE INTO tournament_participants (tournament_id, user_id, seed, created_at) VALUES ('tournament-seed-4', 'user-seed-13', 10, datetime('now'));
INSERT OR IGNORE INTO tournament_participants (tournament_id, user_id, seed, created_at) VALUES ('tournament-seed-4', 'user-seed-14', 11, datetime('now'));
INSERT OR IGNORE INTO tournament_participants (tournament_id, user_id, seed, created_at) VALUES ('tournament-seed-4', 'user-seed-15', 12, datetime('now'));
INSERT OR IGNORE INTO tournament_participants (tournament_id, user_id, seed, created_at) VALUES ('tournament-seed-4', 'user-seed-16', 13, datetime('now'));
INSERT OR IGNORE INTO tournament_participants (tournament_id, user_id, seed, created_at) VALUES ('tournament-seed-4', 'user-seed-17', 14, datetime('now'));
INSERT OR IGNORE INTO tournament_participants (tournament_id, user_id, seed, created_at) VALUES ('tournament-seed-4', 'user-seed-18', 15, datetime('now'));
INSERT OR IGNORE INTO tournament_participants (tournament_id, user_id, seed, created_at) VALUES ('tournament-seed-4', 'user-seed-19', 16, datetime('now'));
INSERT OR IGNORE INTO tournaments (id, name, admin_id, status, created_at) VALUES ('tournament-seed-5', 'Seed Tournament 5', 'user-demo-5', 'completed', datetime('now', '-10 days'));
INSERT OR IGNORE INTO tournament_participants (tournament_id, user_id, seed, created_at) VALUES ('tournament-seed-5', 'user-seed-6', 1, datetime('now'));
INSERT OR IGNORE INTO tournament_participants (tournament_id, user_id, seed, created_at) VALUES ('tournament-seed-5', 'user-seed-7', 2, datetime('now'));
INSERT OR IGNORE INTO tournament_participants (tournament_id, user_id, seed, created_at) VALUES ('tournament-seed-5', 'user-seed-8', 3, datetime('now'));
INSERT OR IGNORE INTO tournament_participants (tournament_id, user_id, seed, created_at) VALUES ('tournament-seed-5', 'user-seed-9', 4, datetime('now'));
INSERT OR IGNORE INTO tournaments (id, name, admin_id, status, created_at) VALUES ('tournament-seed-6', 'Seed Tournament 6', 'user-seed-1', 'draft', datetime('now', '-11 days'));
INSERT OR IGNORE INTO tournament_participants (tournament_id, user_id, seed, created_at) VALUES ('tournament-seed-6', 'user-seed-8', 1, datetime('now'));
INSERT OR IGNORE INTO tournament_participants (tournament_id, user_id, seed, created_at) VALUES ('tournament-seed-6', 'user-seed-9', 2, datetime('now'));
INSERT OR IGNORE INTO tournament_participants (tournament_id, user_id, seed, created_at) VALUES ('tournament-seed-6', 'user-seed-10', 3, datetime('now'));
INSERT OR IGNORE INTO tournament_participants (tournament_id, user_id, seed, created_at) VALUES ('tournament-seed-6', 'user-seed-11', 4, datetime('now'));
INSERT OR IGNORE INTO tournaments (id, name, admin_id, status, created_at) VALUES ('tournament-seed-7', 'Seed Tournament 7', 'user-seed-2', 'in_progress', datetime('now', '-12 days'));
INSERT OR IGNORE INTO tournament_participants (tournament_id, user_id, seed, created_at) VALUES ('tournament-seed-7', 'user-seed-10', 1, datetime('now'));
INSERT OR IGNORE INTO tournament_participants (tournament_id, user_id, seed, created_at) VALUES ('tournament-seed-7', 'user-seed-11', 2, datetime('now'));
INSERT OR IGNORE INTO tournament_participants (tournament_id, user_id, seed, created_at) VALUES ('tournament-seed-7', 'user-seed-12', 3, datetime('now'));
INSERT OR IGNORE INTO tournament_participants (tournament_id, user_id, seed, created_at) VALUES ('tournament-seed-7', 'user-seed-13', 4, datetime('now'));
INSERT OR IGNORE INTO tournament_participants (tournament_id, user_id, seed, created_at) VALUES ('tournament-seed-7', 'user-seed-14', 5, datetime('now'));
INSERT OR IGNORE INTO tournament_participants (tournament_id, user_id, seed, created_at) VALUES ('tournament-seed-7', 'user-seed-15', 6, datetime('now'));
INSERT OR IGNORE INTO tournament_participants (tournament_id, user_id, seed, created_at) VALUES ('tournament-seed-7', 'user-seed-16', 7, datetime('now'));
INSERT OR IGNORE INTO tournament_participants (tournament_id, user_id, seed, created_at) VALUES ('tournament-seed-7', 'user-seed-17', 8, datetime('now'));
INSERT OR IGNORE INTO tournaments (id, name, admin_id, status, created_at) VALUES ('tournament-seed-8', 'Seed Tournament 8', 'user-seed-3', 'completed', datetime('now', '-13 days'));
INSERT OR IGNORE INTO tournament_participants (tournament_id, user_id, seed, created_at) VALUES ('tournament-seed-8', 'user-seed-12', 1, datetime('now'));
INSERT OR IGNORE INTO tournament_participants (tournament_id, user_id, seed, created_at) VALUES ('tournament-seed-8', 'user-seed-13', 2, datetime('now'));
INSERT OR IGNORE INTO tournament_participants (tournament_id, user_id, seed, created_at) VALUES ('tournament-seed-8', 'user-seed-14', 3, datetime('now'));
INSERT OR IGNORE INTO tournament_participants (tournament_id, user_id, seed, created_at) VALUES ('tournament-seed-8', 'user-seed-15', 4, datetime('now'));
INSERT OR IGNORE INTO tournament_participants (tournament_id, user_id, seed, created_at) VALUES ('tournament-seed-8', 'user-seed-16', 5, datetime('now'));
INSERT OR IGNORE INTO tournament_participants (tournament_id, user_id, seed, created_at) VALUES ('tournament-seed-8', 'user-seed-17', 6, datetime('now'));
INSERT OR IGNORE INTO tournament_participants (tournament_id, user_id, seed, created_at) VALUES ('tournament-seed-8', 'user-seed-18', 7, datetime('now'));
INSERT OR IGNORE INTO tournament_participants (tournament_id, user_id, seed, created_at) VALUES ('tournament-seed-8', 'user-seed-19', 8, datetime('now'));
INSERT OR IGNORE INTO tournaments (id, name, admin_id, status, created_at) VALUES ('tournament-seed-9', 'Seed Tournament 9', 'user-seed-4', 'draft', datetime('now', '-14 days'));
INSERT OR IGNORE INTO tournament_participants (tournament_id, user_id, seed, created_at) VALUES ('tournament-seed-9', 'user-seed-14', 1, datetime('now'));
INSERT OR IGNORE INTO tournament_participants (tournament_id, user_id, seed, created_at) VALUES ('tournament-seed-9', 'user-seed-15', 2, datetime('now'));
INSERT OR IGNORE INTO tournament_participants (tournament_id, user_id, seed, created_at) VALUES ('tournament-seed-9', 'user-seed-16', 3, datetime('now'));
INSERT OR IGNORE INTO tournament_participants (tournament_id, user_id, seed, created_at) VALUES ('tournament-seed-9', 'user-seed-17', 4, datetime('now'));
INSERT OR IGNORE INTO tournament_participants (tournament_id, user_id, seed, created_at) VALUES ('tournament-seed-9', 'user-seed-18', 5, datetime('now'));
INSERT OR IGNORE INTO tournament_participants (tournament_id, user_id, seed, created_at) VALUES ('tournament-seed-9', 'user-seed-19', 6, datetime('now'));
INSERT OR IGNORE INTO tournament_participants (tournament_id, user_id, seed, created_at) VALUES ('tournament-seed-9', 'user-seed-20', 7, datetime('now'));
INSERT OR IGNORE INTO tournament_participants (tournament_id, user_id, seed, created_at) VALUES ('tournament-seed-9', 'user-seed-21', 8, datetime('now'));
INSERT OR IGNORE INTO tournament_participants (tournament_id, user_id, seed, created_at) VALUES ('tournament-seed-9', 'user-seed-22', 9, datetime('now'));
INSERT OR IGNORE INTO tournament_participants (tournament_id, user_id, seed, created_at) VALUES ('tournament-seed-9', 'user-seed-23', 10, datetime('now'));
INSERT OR IGNORE INTO tournament_participants (tournament_id, user_id, seed, created_at) VALUES ('tournament-seed-9', 'user-seed-24', 11, datetime('now'));
INSERT OR IGNORE INTO tournament_participants (tournament_id, user_id, seed, created_at) VALUES ('tournament-seed-9', 'user-seed-25', 12, datetime('now'));
INSERT OR IGNORE INTO tournament_participants (tournament_id, user_id, seed, created_at) VALUES ('tournament-seed-9', 'user-seed-26', 13, datetime('now'));
INSERT OR IGNORE INTO tournament_participants (tournament_id, user_id, seed, created_at) VALUES ('tournament-seed-9', 'user-seed-27', 14, datetime('now'));
INSERT OR IGNORE INTO tournament_participants (tournament_id, user_id, seed, created_at) VALUES ('tournament-seed-9', 'user-seed-28', 15, datetime('now'));
INSERT OR IGNORE INTO tournament_participants (tournament_id, user_id, seed, created_at) VALUES ('tournament-seed-9', 'user-seed-29', 16, datetime('now'));
INSERT OR IGNORE INTO tournaments (id, name, admin_id, status, created_at) VALUES ('tournament-seed-10', 'Seed Tournament 10', 'user-seed-5', 'in_progress', datetime('now', '-15 days'));
INSERT OR IGNORE INTO tournament_participants (tournament_id, user_id, seed, created_at) VALUES ('tournament-seed-10', 'user-seed-16', 1, datetime('now'));
INSERT OR IGNORE INTO tournament_participants (tournament_id, user_id, seed, created_at) VALUES ('tournament-seed-10', 'user-seed-17', 2, datetime('now'));
INSERT OR IGNORE INTO tournament_participants (tournament_id, user_id, seed, created_at) VALUES ('tournament-seed-10', 'user-seed-18', 3, datetime('now'));
INSERT OR IGNORE INTO tournament_participants (tournament_id, user_id, seed, created_at) VALUES ('tournament-seed-10', 'user-seed-19', 4, datetime('now'));
INSERT OR IGNORE INTO tournaments (id, name, admin_id, status, created_at) VALUES ('tournament-seed-11', 'Seed Tournament 11', 'user-seed-6', 'completed', datetime('now', '-16 days'));
INSERT OR IGNORE INTO tournament_participants (tournament_id, user_id, seed, created_at) VALUES ('tournament-seed-11', 'user-seed-18', 1, datetime('now'));
INSERT OR IGNORE INTO tournament_participants (tournament_id, user_id, seed, created_at) VALUES ('tournament-seed-11', 'user-seed-19', 2, datetime('now'));
INSERT OR IGNORE INTO tournament_participants (tournament_id, user_id, seed, created_at) VALUES ('tournament-seed-11', 'user-seed-20', 3, datetime('now'));
INSERT OR IGNORE INTO tournament_participants (tournament_id, user_id, seed, created_at) VALUES ('tournament-seed-11', 'user-seed-21', 4, datetime('now'));
INSERT OR IGNORE INTO tournaments (id, name, admin_id, status, created_at) VALUES ('tournament-seed-12', 'Seed Tournament 12', 'user-seed-7', 'draft', datetime('now', '-17 days'));
INSERT OR IGNORE INTO tournament_participants (tournament_id, user_id, seed, created_at) VALUES ('tournament-seed-12', 'user-seed-20', 1, datetime('now'));
INSERT OR IGNORE INTO tournament_participants (tournament_id, user_id, seed, created_at) VALUES ('tournament-seed-12', 'user-seed-21', 2, datetime('now'));
INSERT OR IGNORE INTO tournament_participants (tournament_id, user_id, seed, created_at) VALUES ('tournament-seed-12', 'user-seed-22', 3, datetime('now'));
INSERT OR IGNORE INTO tournament_participants (tournament_id, user_id, seed, created_at) VALUES ('tournament-seed-12', 'user-seed-23', 4, datetime('now'));
INSERT OR IGNORE INTO tournament_participants (tournament_id, user_id, seed, created_at) VALUES ('tournament-seed-12', 'user-seed-24', 5, datetime('now'));
INSERT OR IGNORE INTO tournament_participants (tournament_id, user_id, seed, created_at) VALUES ('tournament-seed-12', 'user-seed-25', 6, datetime('now'));
INSERT OR IGNORE INTO tournament_participants (tournament_id, user_id, seed, created_at) VALUES ('tournament-seed-12', 'user-seed-26', 7, datetime('now'));
INSERT OR IGNORE INTO tournament_participants (tournament_id, user_id, seed, created_at) VALUES ('tournament-seed-12', 'user-seed-27', 8, datetime('now'));
INSERT OR IGNORE INTO tournaments (id, name, admin_id, status, created_at) VALUES ('tournament-seed-13', 'Seed Tournament 13', 'user-seed-8', 'in_progress', datetime('now', '-18 days'));
INSERT OR IGNORE INTO tournament_participants (tournament_id, user_id, seed, created_at) VALUES ('tournament-seed-13', 'user-seed-22', 1, datetime('now'));
INSERT OR IGNORE INTO tournament_participants (tournament_id, user_id, seed, created_at) VALUES ('tournament-seed-13', 'user-seed-23', 2, datetime('now'));
INSERT OR IGNORE INTO tournament_participants (tournament_id, user_id, seed, created_at) VALUES ('tournament-seed-13', 'user-seed-24', 3, datetime('now'));
INSERT OR IGNORE INTO tournament_participants (tournament_id, user_id, seed, created_at) VALUES ('tournament-seed-13', 'user-seed-25', 4, datetime('now'));
INSERT OR IGNORE INTO tournament_participants (tournament_id, user_id, seed, created_at) VALUES ('tournament-seed-13', 'user-seed-26', 5, datetime('now'));
INSERT OR IGNORE INTO tournament_participants (tournament_id, user_id, seed, created_at) VALUES ('tournament-seed-13', 'user-seed-27', 6, datetime('now'));
INSERT OR IGNORE INTO tournament_participants (tournament_id, user_id, seed, created_at) VALUES ('tournament-seed-13', 'user-seed-28', 7, datetime('now'));
INSERT OR IGNORE INTO tournament_participants (tournament_id, user_id, seed, created_at) VALUES ('tournament-seed-13', 'user-seed-29', 8, datetime('now'));
INSERT OR IGNORE INTO tournaments (id, name, admin_id, status, created_at) VALUES ('tournament-seed-14', 'Seed Tournament 14', 'user-seed-9', 'completed', datetime('now', '-19 days'));
INSERT OR IGNORE INTO tournament_participants (tournament_id, user_id, seed, created_at) VALUES ('tournament-seed-14', 'user-seed-24', 1, datetime('now'));
INSERT OR IGNORE INTO tournament_participants (tournament_id, user_id, seed, created_at) VALUES ('tournament-seed-14', 'user-seed-25', 2, datetime('now'));
INSERT OR IGNORE INTO tournament_participants (tournament_id, user_id, seed, created_at) VALUES ('tournament-seed-14', 'user-seed-26', 3, datetime('now'));
INSERT OR IGNORE INTO tournament_participants (tournament_id, user_id, seed, created_at) VALUES ('tournament-seed-14', 'user-seed-27', 4, datetime('now'));
INSERT OR IGNORE INTO tournament_participants (tournament_id, user_id, seed, created_at) VALUES ('tournament-seed-14', 'user-seed-28', 5, datetime('now'));
INSERT OR IGNORE INTO tournament_participants (tournament_id, user_id, seed, created_at) VALUES ('tournament-seed-14', 'user-seed-29', 6, datetime('now'));
INSERT OR IGNORE INTO tournament_participants (tournament_id, user_id, seed, created_at) VALUES ('tournament-seed-14', 'user-seed-30', 7, datetime('now'));
INSERT OR IGNORE INTO tournament_participants (tournament_id, user_id, seed, created_at) VALUES ('tournament-seed-14', 'user-seed-31', 8, datetime('now'));
INSERT OR IGNORE INTO tournament_participants (tournament_id, user_id, seed, created_at) VALUES ('tournament-seed-14', 'user-seed-32', 9, datetime('now'));
INSERT OR IGNORE INTO tournament_participants (tournament_id, user_id, seed, created_at) VALUES ('tournament-seed-14', 'user-seed-33', 10, datetime('now'));
INSERT OR IGNORE INTO tournament_participants (tournament_id, user_id, seed, created_at) VALUES ('tournament-seed-14', 'user-seed-34', 11, datetime('now'));
INSERT OR IGNORE INTO tournament_participants (tournament_id, user_id, seed, created_at) VALUES ('tournament-seed-14', 'user-seed-35', 12, datetime('now'));
INSERT OR IGNORE INTO tournament_participants (tournament_id, user_id, seed, created_at) VALUES ('tournament-seed-14', 'user-seed-36', 13, datetime('now'));
INSERT OR IGNORE INTO tournament_participants (tournament_id, user_id, seed, created_at) VALUES ('tournament-seed-14', 'user-seed-37', 14, datetime('now'));
INSERT OR IGNORE INTO tournament_participants (tournament_id, user_id, seed, created_at) VALUES ('tournament-seed-14', 'user-seed-38', 15, datetime('now'));
INSERT OR IGNORE INTO tournament_participants (tournament_id, user_id, seed, created_at) VALUES ('tournament-seed-14', 'user-seed-39', 16, datetime('now'));

INSERT OR IGNORE INTO play_sessions (id, creator_id, region_id, court_id, venue, session_date, session_time, skill_level, format_type, event_name, player_min, player_max, is_recurring, recurrence_day, created_at) VALUES ('session-seed-1', 'user-demo-1', 'region-seed-1', NULL, 'Austin Recreation Complex', date('now', '-6 days'), '10:00', '2.5', 'doubles', NULL, 4, 9, 0, NULL, datetime('now', '-1 days'));
INSERT OR IGNORE INTO play_sessions (id, creator_id, region_id, court_id, venue, session_date, session_time, skill_level, format_type, event_name, player_min, player_max, is_recurring, recurrence_day, created_at) VALUES ('session-seed-2', 'user-demo-2', 'region-seed-2', NULL, 'Phoenix Park Courts', date('now', '-5 days'), '11:00', '3.0', 'doubles', NULL, 4, 10, 0, NULL, datetime('now', '-2 days'));
INSERT OR IGNORE INTO play_sessions (id, creator_id, region_id, court_id, venue, session_date, session_time, skill_level, format_type, event_name, player_min, player_max, is_recurring, recurrence_day, created_at) VALUES ('session-seed-3', 'user-demo-3', 'region-seed-3', NULL, 'Denver Pickleball Club', date('now', '-4 days'), '18:00', '3.5', 'doubles', 'Open Play', 4, 11, 0, NULL, datetime('now', '-3 days'));
INSERT OR IGNORE INTO play_sessions (id, creator_id, region_id, court_id, venue, session_date, session_time, skill_level, format_type, event_name, player_min, player_max, is_recurring, recurrence_day, created_at) VALUES ('session-seed-4', 'user-demo-4', 'region-seed-4', 'court-seed-2', 'Seattle Sports Complex', date('now', '-3 days'), '19:00', '4.0', 'doubles', NULL, 4, 8, 0, NULL, datetime('now', '-4 days'));
INSERT OR IGNORE INTO play_sessions (id, creator_id, region_id, court_id, venue, session_date, session_time, skill_level, format_type, event_name, player_min, player_max, is_recurring, recurrence_day, created_at) VALUES ('session-seed-5', 'user-demo-5', 'region-seed-5', NULL, 'Chicago Tennis & Pickleball Center', date('now', '-2 days'), '09:00', '4.5', 'doubles', NULL, 4, 9, 1, 'Saturday', datetime('now', '-5 days'));
INSERT OR IGNORE INTO play_sessions (id, creator_id, region_id, court_id, venue, session_date, session_time, skill_level, format_type, event_name, player_min, player_max, is_recurring, recurrence_day, created_at) VALUES ('session-seed-6', 'user-seed-1', 'region-seed-6', NULL, 'San Diego YMCA', date('now', '-1 days'), '10:00', '5.0', 'doubles', 'Open Play', 4, 10, 0, NULL, datetime('now', '-6 days'));
INSERT OR IGNORE INTO play_sessions (id, creator_id, region_id, court_id, venue, session_date, session_time, skill_level, format_type, event_name, player_min, player_max, is_recurring, recurrence_day, created_at) VALUES ('session-seed-7', 'user-seed-2', 'region-seed-7', NULL, 'Atlanta Public Park', date('now', '+0 days'), '11:00', '2.0', 'doubles', NULL, 4, 11, 0, NULL, datetime('now', '-7 days'));
INSERT OR IGNORE INTO play_sessions (id, creator_id, region_id, court_id, venue, session_date, session_time, skill_level, format_type, event_name, player_min, player_max, is_recurring, recurrence_day, created_at) VALUES ('session-seed-8', 'user-seed-3', 'region-seed-8', 'court-seed-6', 'Miami Downtown Courts', date('now', '+1 days'), '18:00', '2.5', 'doubles', NULL, 4, 8, 0, NULL, datetime('now', '-8 days'));
INSERT OR IGNORE INTO play_sessions (id, creator_id, region_id, court_id, venue, session_date, session_time, skill_level, format_type, event_name, player_min, player_max, is_recurring, recurrence_day, created_at) VALUES ('session-seed-9', 'user-seed-4', 'region-seed-9', NULL, 'Portland Riverside Park', date('now', '+2 days'), '19:00', '3.0', 'doubles', 'Open Play', 4, 9, 0, NULL, datetime('now', '-9 days'));
INSERT OR IGNORE INTO play_sessions (id, creator_id, region_id, court_id, venue, session_date, session_time, skill_level, format_type, event_name, player_min, player_max, is_recurring, recurrence_day, created_at) VALUES ('session-seed-10', 'user-seed-5', 'region-seed-10', NULL, 'Nashville Sunset Rec', date('now', '+3 days'), '09:00', '3.5', 'doubles', NULL, 4, 10, 1, 'Wednesday', datetime('now', '-0 days'));
INSERT OR IGNORE INTO play_sessions (id, creator_id, region_id, court_id, venue, session_date, session_time, skill_level, format_type, event_name, player_min, player_max, is_recurring, recurrence_day, created_at) VALUES ('session-seed-11', 'user-seed-6', 'region-seed-11', NULL, 'Dallas Central Park', date('now', '+4 days'), '10:00', '4.0', 'doubles', NULL, 4, 11, 0, NULL, datetime('now', '-1 days'));
INSERT OR IGNORE INTO play_sessions (id, creator_id, region_id, court_id, venue, session_date, session_time, skill_level, format_type, event_name, player_min, player_max, is_recurring, recurrence_day, created_at) VALUES ('session-seed-12', 'user-seed-7', 'region-seed-12', 'court-seed-10', 'Boston Heritage Park', date('now', '+5 days'), '11:00', '4.5', 'doubles', 'Open Play', 4, 8, 0, NULL, datetime('now', '-2 days'));
INSERT OR IGNORE INTO play_sessions (id, creator_id, region_id, court_id, venue, session_date, session_time, skill_level, format_type, event_name, player_min, player_max, is_recurring, recurrence_day, created_at) VALUES ('session-seed-13', 'user-seed-8', 'region-seed-13', NULL, 'Las Vegas Lakeside Courts', date('now', '+6 days'), '18:00', '5.0', 'doubles', NULL, 4, 9, 0, NULL, datetime('now', '-3 days'));
INSERT OR IGNORE INTO play_sessions (id, creator_id, region_id, court_id, venue, session_date, session_time, skill_level, format_type, event_name, player_min, player_max, is_recurring, recurrence_day, created_at) VALUES ('session-seed-14', 'user-seed-9', 'region-seed-14', NULL, 'Minneapolis Meadowbrook Park', date('now', '+7 days'), '19:00', '2.0', 'doubles', NULL, 4, 10, 0, NULL, datetime('now', '-4 days'));
INSERT OR IGNORE INTO play_sessions (id, creator_id, region_id, court_id, venue, session_date, session_time, skill_level, format_type, event_name, player_min, player_max, is_recurring, recurrence_day, created_at) VALUES ('session-seed-15', 'user-seed-10', 'region-seed-15', NULL, 'Tampa Community Center', date('now', '+8 days'), '09:00', '2.5', 'doubles', 'Open Play', 4, 11, 1, 'Monday', datetime('now', '-5 days'));
INSERT OR IGNORE INTO play_sessions (id, creator_id, region_id, court_id, venue, session_date, session_time, skill_level, format_type, event_name, player_min, player_max, is_recurring, recurrence_day, created_at) VALUES ('session-seed-16', 'user-seed-11', 'region-seed-16', 'court-seed-14', 'Raleigh Recreation Complex', date('now', '+9 days'), '10:00', '3.0', 'doubles', NULL, 4, 8, 0, NULL, datetime('now', '-6 days'));
INSERT OR IGNORE INTO play_sessions (id, creator_id, region_id, court_id, venue, session_date, session_time, skill_level, format_type, event_name, player_min, player_max, is_recurring, recurrence_day, created_at) VALUES ('session-seed-17', 'user-seed-12', 'region-seed-17', NULL, 'Salt Lake City Park Courts', date('now', '+10 days'), '11:00', '3.5', 'doubles', NULL, 4, 9, 0, NULL, datetime('now', '-7 days'));
INSERT OR IGNORE INTO play_sessions (id, creator_id, region_id, court_id, venue, session_date, session_time, skill_level, format_type, event_name, player_min, player_max, is_recurring, recurrence_day, created_at) VALUES ('session-seed-18', 'user-seed-13', 'region-seed-18', NULL, 'San Antonio Pickleball Club', date('now', '+11 days'), '18:00', '4.0', 'doubles', 'Open Play', 4, 10, 0, NULL, datetime('now', '-8 days'));
INSERT OR IGNORE INTO play_sessions (id, creator_id, region_id, court_id, venue, session_date, session_time, skill_level, format_type, event_name, player_min, player_max, is_recurring, recurrence_day, created_at) VALUES ('session-seed-19', 'user-seed-14', 'region-seed-19', NULL, 'Orlando Sports Complex', date('now', '+12 days'), '19:00', '4.5', 'doubles', NULL, 4, 11, 0, NULL, datetime('now', '-9 days'));
INSERT OR IGNORE INTO play_sessions (id, creator_id, region_id, court_id, venue, session_date, session_time, skill_level, format_type, event_name, player_min, player_max, is_recurring, recurrence_day, created_at) VALUES ('session-seed-20', 'user-seed-15', 'region-seed-20', 'court-seed-18', 'Charlotte Tennis & Pickleball Center', date('now', '+13 days'), '09:00', '5.0', 'doubles', NULL, 4, 8, 1, 'Saturday', datetime('now', '-0 days'));
INSERT OR IGNORE INTO play_sessions (id, creator_id, region_id, court_id, venue, session_date, session_time, skill_level, format_type, event_name, player_min, player_max, is_recurring, recurrence_day, created_at) VALUES ('session-seed-21', 'user-seed-16', 'region-seed-21', NULL, 'Indianapolis YMCA', date('now', '-7 days'), '10:00', '2.0', 'doubles', 'Open Play', 4, 9, 0, NULL, datetime('now', '-1 days'));
INSERT OR IGNORE INTO play_sessions (id, creator_id, region_id, court_id, venue, session_date, session_time, skill_level, format_type, event_name, player_min, player_max, is_recurring, recurrence_day, created_at) VALUES ('session-seed-22', 'user-seed-17', 'region-seed-22', NULL, 'Austin Public Park', date('now', '-6 days'), '11:00', '2.5', 'doubles', NULL, 4, 10, 0, NULL, datetime('now', '-2 days'));
INSERT OR IGNORE INTO play_sessions (id, creator_id, region_id, court_id, venue, session_date, session_time, skill_level, format_type, event_name, player_min, player_max, is_recurring, recurrence_day, created_at) VALUES ('session-seed-23', 'user-seed-18', 'region-seed-23', NULL, 'Phoenix Downtown Courts', date('now', '-5 days'), '18:00', '3.0', 'doubles', NULL, 4, 11, 0, NULL, datetime('now', '-3 days'));
INSERT OR IGNORE INTO play_sessions (id, creator_id, region_id, court_id, venue, session_date, session_time, skill_level, format_type, event_name, player_min, player_max, is_recurring, recurrence_day, created_at) VALUES ('session-seed-24', 'user-seed-19', 'region-seed-24', 'court-seed-22', 'Denver Riverside Park', date('now', '-4 days'), '19:00', '3.5', 'doubles', 'Open Play', 4, 8, 0, NULL, datetime('now', '-4 days'));
INSERT OR IGNORE INTO play_sessions (id, creator_id, region_id, court_id, venue, session_date, session_time, skill_level, format_type, event_name, player_min, player_max, is_recurring, recurrence_day, created_at) VALUES ('session-seed-25', 'user-seed-20', 'region-seed-25', NULL, 'Seattle Sunset Rec', date('now', '-3 days'), '09:00', '4.0', 'doubles', NULL, 4, 9, 1, 'Wednesday', datetime('now', '-5 days'));
INSERT OR IGNORE INTO play_sessions (id, creator_id, region_id, court_id, venue, session_date, session_time, skill_level, format_type, event_name, player_min, player_max, is_recurring, recurrence_day, created_at) VALUES ('session-seed-26', 'user-seed-21', 'region-seed-26', NULL, 'Chicago Central Park', date('now', '-2 days'), '10:00', '4.5', 'doubles', NULL, 4, 10, 0, NULL, datetime('now', '-6 days'));
INSERT OR IGNORE INTO play_sessions (id, creator_id, region_id, court_id, venue, session_date, session_time, skill_level, format_type, event_name, player_min, player_max, is_recurring, recurrence_day, created_at) VALUES ('session-seed-27', 'user-seed-22', 'region-seed-27', NULL, 'San Diego Heritage Park', date('now', '-1 days'), '11:00', '5.0', 'doubles', 'Open Play', 4, 11, 0, NULL, datetime('now', '-7 days'));
INSERT OR IGNORE INTO play_sessions (id, creator_id, region_id, court_id, venue, session_date, session_time, skill_level, format_type, event_name, player_min, player_max, is_recurring, recurrence_day, created_at) VALUES ('session-seed-28', 'user-seed-23', 'region-seed-28', 'court-seed-1', 'Atlanta Lakeside Courts', date('now', '+0 days'), '18:00', '2.0', 'doubles', NULL, 4, 8, 0, NULL, datetime('now', '-8 days'));
INSERT OR IGNORE INTO play_sessions (id, creator_id, region_id, court_id, venue, session_date, session_time, skill_level, format_type, event_name, player_min, player_max, is_recurring, recurrence_day, created_at) VALUES ('session-seed-29', 'user-seed-24', 'region-default', NULL, 'Miami Meadowbrook Park', date('now', '+1 days'), '19:00', '2.5', 'doubles', NULL, 4, 9, 0, NULL, datetime('now', '-9 days'));
INSERT OR IGNORE INTO play_sessions (id, creator_id, region_id, court_id, venue, session_date, session_time, skill_level, format_type, event_name, player_min, player_max, is_recurring, recurrence_day, created_at) VALUES ('session-seed-30', 'user-seed-25', 'region-default', NULL, 'Portland Community Center', date('now', '+2 days'), '09:00', '3.0', 'doubles', 'Open Play', 4, 10, 1, 'Monday', datetime('now', '-0 days'));
INSERT OR IGNORE INTO play_sessions (id, creator_id, region_id, court_id, venue, session_date, session_time, skill_level, format_type, event_name, player_min, player_max, is_recurring, recurrence_day, created_at) VALUES ('session-seed-31', 'user-seed-26', 'region-default', NULL, 'Nashville Recreation Complex', date('now', '+3 days'), '10:00', '3.5', 'doubles', NULL, 4, 11, 0, NULL, datetime('now', '-1 days'));
INSERT OR IGNORE INTO play_sessions (id, creator_id, region_id, court_id, venue, session_date, session_time, skill_level, format_type, event_name, player_min, player_max, is_recurring, recurrence_day, created_at) VALUES ('session-seed-32', 'user-seed-27', 'region-default', 'court-seed-5', 'Dallas Park Courts', date('now', '+4 days'), '11:00', '4.0', 'doubles', NULL, 4, 8, 0, NULL, datetime('now', '-2 days'));
INSERT OR IGNORE INTO play_sessions (id, creator_id, region_id, court_id, venue, session_date, session_time, skill_level, format_type, event_name, player_min, player_max, is_recurring, recurrence_day, created_at) VALUES ('session-seed-33', 'user-seed-28', 'region-default', NULL, 'Boston Pickleball Club', date('now', '+5 days'), '18:00', '4.5', 'doubles', 'Open Play', 4, 9, 0, NULL, datetime('now', '-3 days'));
INSERT OR IGNORE INTO play_sessions (id, creator_id, region_id, court_id, venue, session_date, session_time, skill_level, format_type, event_name, player_min, player_max, is_recurring, recurrence_day, created_at) VALUES ('session-seed-34', 'user-seed-29', 'region-default', NULL, 'Las Vegas Sports Complex', date('now', '+6 days'), '19:00', '5.0', 'doubles', NULL, 4, 10, 0, NULL, datetime('now', '-4 days'));
INSERT OR IGNORE INTO play_sessions (id, creator_id, region_id, court_id, venue, session_date, session_time, skill_level, format_type, event_name, player_min, player_max, is_recurring, recurrence_day, created_at) VALUES ('session-seed-35', 'user-seed-30', 'region-default', NULL, 'Minneapolis Tennis & Pickleball Center', date('now', '+7 days'), '09:00', '2.0', 'doubles', NULL, 4, 11, 1, 'Saturday', datetime('now', '-5 days'));
INSERT OR IGNORE INTO play_sessions (id, creator_id, region_id, court_id, venue, session_date, session_time, skill_level, format_type, event_name, player_min, player_max, is_recurring, recurrence_day, created_at) VALUES ('session-seed-36', 'user-seed-31', 'region-default', 'court-seed-9', 'Tampa YMCA', date('now', '+8 days'), '10:00', '2.5', 'doubles', 'Open Play', 4, 8, 0, NULL, datetime('now', '-6 days'));
INSERT OR IGNORE INTO play_sessions (id, creator_id, region_id, court_id, venue, session_date, session_time, skill_level, format_type, event_name, player_min, player_max, is_recurring, recurrence_day, created_at) VALUES ('session-seed-37', 'user-seed-32', 'region-default', NULL, 'Raleigh Public Park', date('now', '+9 days'), '11:00', '3.0', 'doubles', NULL, 4, 9, 0, NULL, datetime('now', '-7 days'));
INSERT OR IGNORE INTO play_sessions (id, creator_id, region_id, court_id, venue, session_date, session_time, skill_level, format_type, event_name, player_min, player_max, is_recurring, recurrence_day, created_at) VALUES ('session-seed-38', 'user-seed-33', 'region-default', NULL, 'Salt Lake City Downtown Courts', date('now', '+10 days'), '18:00', '3.5', 'doubles', NULL, 4, 10, 0, NULL, datetime('now', '-8 days'));
INSERT OR IGNORE INTO play_sessions (id, creator_id, region_id, court_id, venue, session_date, session_time, skill_level, format_type, event_name, player_min, player_max, is_recurring, recurrence_day, created_at) VALUES ('session-seed-39', 'user-seed-34', 'region-default', NULL, 'San Antonio Riverside Park', date('now', '+11 days'), '19:00', '4.0', 'doubles', 'Open Play', 4, 11, 0, NULL, datetime('now', '-9 days'));
INSERT OR IGNORE INTO play_sessions (id, creator_id, region_id, court_id, venue, session_date, session_time, skill_level, format_type, event_name, player_min, player_max, is_recurring, recurrence_day, created_at) VALUES ('session-seed-40', 'user-seed-35', 'region-default', 'court-seed-13', 'Orlando Sunset Rec', date('now', '+12 days'), '09:00', '4.5', 'doubles', NULL, 4, 8, 1, 'Wednesday', datetime('now', '-0 days'));
INSERT OR IGNORE INTO play_sessions (id, creator_id, region_id, court_id, venue, session_date, session_time, skill_level, format_type, event_name, player_min, player_max, is_recurring, recurrence_day, created_at) VALUES ('session-seed-41', 'user-seed-36', 'region-default', NULL, 'Charlotte Central Park', date('now', '+13 days'), '10:00', '5.0', 'doubles', NULL, 4, 9, 0, NULL, datetime('now', '-1 days'));
INSERT OR IGNORE INTO play_sessions (id, creator_id, region_id, court_id, venue, session_date, session_time, skill_level, format_type, event_name, player_min, player_max, is_recurring, recurrence_day, created_at) VALUES ('session-seed-42', 'user-seed-37', 'region-default', NULL, 'Indianapolis Heritage Park', date('now', '-7 days'), '11:00', '2.0', 'doubles', 'Open Play', 4, 10, 0, NULL, datetime('now', '-2 days'));
INSERT OR IGNORE INTO play_sessions (id, creator_id, region_id, court_id, venue, session_date, session_time, skill_level, format_type, event_name, player_min, player_max, is_recurring, recurrence_day, created_at) VALUES ('session-seed-43', 'user-seed-38', 'region-default', NULL, 'Austin Lakeside Courts', date('now', '-6 days'), '18:00', '2.5', 'doubles', NULL, 4, 11, 0, NULL, datetime('now', '-3 days'));
INSERT OR IGNORE INTO play_sessions (id, creator_id, region_id, court_id, venue, session_date, session_time, skill_level, format_type, event_name, player_min, player_max, is_recurring, recurrence_day, created_at) VALUES ('session-seed-44', 'user-seed-39', 'region-default', 'court-seed-17', 'Phoenix Meadowbrook Park', date('now', '-5 days'), '19:00', '3.0', 'doubles', NULL, 4, 8, 0, NULL, datetime('now', '-4 days'));
INSERT OR IGNORE INTO play_sessions (id, creator_id, region_id, court_id, venue, session_date, session_time, skill_level, format_type, event_name, player_min, player_max, is_recurring, recurrence_day, created_at) VALUES ('session-seed-45', 'user-seed-40', 'region-default', NULL, 'Denver Community Center', date('now', '-4 days'), '09:00', '3.5', 'doubles', 'Open Play', 4, 9, 1, 'Monday', datetime('now', '-5 days'));
INSERT OR IGNORE INTO play_sessions (id, creator_id, region_id, court_id, venue, session_date, session_time, skill_level, format_type, event_name, player_min, player_max, is_recurring, recurrence_day, created_at) VALUES ('session-seed-46', 'user-seed-41', 'region-default', NULL, 'Seattle Recreation Complex', date('now', '-3 days'), '10:00', '4.0', 'doubles', NULL, 4, 10, 0, NULL, datetime('now', '-6 days'));
INSERT OR IGNORE INTO play_sessions (id, creator_id, region_id, court_id, venue, session_date, session_time, skill_level, format_type, event_name, player_min, player_max, is_recurring, recurrence_day, created_at) VALUES ('session-seed-47', 'user-seed-42', 'region-default', NULL, 'Chicago Park Courts', date('now', '-2 days'), '11:00', '4.5', 'doubles', NULL, 4, 11, 0, NULL, datetime('now', '-7 days'));
INSERT OR IGNORE INTO play_sessions (id, creator_id, region_id, court_id, venue, session_date, session_time, skill_level, format_type, event_name, player_min, player_max, is_recurring, recurrence_day, created_at) VALUES ('session-seed-48', 'user-seed-43', 'region-default', 'court-seed-21', 'San Diego Pickleball Club', date('now', '-1 days'), '18:00', '5.0', 'doubles', 'Open Play', 4, 8, 0, NULL, datetime('now', '-8 days'));
INSERT OR IGNORE INTO play_sessions (id, creator_id, region_id, court_id, venue, session_date, session_time, skill_level, format_type, event_name, player_min, player_max, is_recurring, recurrence_day, created_at) VALUES ('session-seed-49', 'user-seed-44', 'region-default', NULL, 'Atlanta Sports Complex', date('now', '+0 days'), '19:00', '2.0', 'doubles', NULL, 4, 9, 0, NULL, datetime('now', '-9 days'));
INSERT OR IGNORE INTO play_sessions (id, creator_id, region_id, court_id, venue, session_date, session_time, skill_level, format_type, event_name, player_min, player_max, is_recurring, recurrence_day, created_at) VALUES ('session-seed-50', 'user-seed-45', 'region-default', NULL, 'Miami Tennis & Pickleball Center', date('now', '+1 days'), '09:00', '2.5', 'doubles', NULL, 4, 10, 1, 'Saturday', datetime('now', '-0 days'));
INSERT OR IGNORE INTO play_sessions (id, creator_id, region_id, court_id, venue, session_date, session_time, skill_level, format_type, event_name, player_min, player_max, is_recurring, recurrence_day, created_at) VALUES ('session-seed-51', 'user-seed-46', 'region-default', NULL, 'Portland YMCA', date('now', '+2 days'), '10:00', '3.0', 'doubles', 'Open Play', 4, 11, 0, NULL, datetime('now', '-1 days'));
INSERT OR IGNORE INTO play_sessions (id, creator_id, region_id, court_id, venue, session_date, session_time, skill_level, format_type, event_name, player_min, player_max, is_recurring, recurrence_day, created_at) VALUES ('session-seed-52', 'user-seed-47', 'region-default', '3', 'Nashville Public Park', date('now', '+3 days'), '11:00', '3.5', 'doubles', NULL, 4, 8, 0, NULL, datetime('now', '-2 days'));
INSERT OR IGNORE INTO play_sessions (id, creator_id, region_id, court_id, venue, session_date, session_time, skill_level, format_type, event_name, player_min, player_max, is_recurring, recurrence_day, created_at) VALUES ('session-seed-53', 'user-seed-48', 'region-default', NULL, 'Dallas Downtown Courts', date('now', '+4 days'), '18:00', '4.0', 'doubles', NULL, 4, 9, 0, NULL, datetime('now', '-3 days'));
INSERT OR IGNORE INTO play_sessions (id, creator_id, region_id, court_id, venue, session_date, session_time, skill_level, format_type, event_name, player_min, player_max, is_recurring, recurrence_day, created_at) VALUES ('session-seed-54', 'user-seed-49', 'region-default', NULL, 'Boston Riverside Park', date('now', '+5 days'), '19:00', '4.5', 'doubles', 'Open Play', 4, 10, 0, NULL, datetime('now', '-4 days'));
INSERT OR IGNORE INTO play_sessions (id, creator_id, region_id, court_id, venue, session_date, session_time, skill_level, format_type, event_name, player_min, player_max, is_recurring, recurrence_day, created_at) VALUES ('session-seed-55', 'user-seed-50', 'region-default', NULL, 'Las Vegas Sunset Rec', date('now', '+6 days'), '09:00', '5.0', 'doubles', NULL, 4, 11, 1, 'Wednesday', datetime('now', '-5 days'));
INSERT OR IGNORE INTO play_session_signups (session_id, user_id, created_at) VALUES ('session-seed-1', 'user-demo-3', datetime('now'));
INSERT OR IGNORE INTO play_session_signups (session_id, user_id, created_at) VALUES ('session-seed-1', 'user-demo-4', datetime('now'));
INSERT OR IGNORE INTO play_session_signups (session_id, user_id, created_at) VALUES ('session-seed-1', 'user-demo-5', datetime('now'));
INSERT OR IGNORE INTO play_session_signups (session_id, user_id, created_at) VALUES ('session-seed-2', 'user-demo-5', datetime('now'));
INSERT OR IGNORE INTO play_session_signups (session_id, user_id, created_at) VALUES ('session-seed-2', 'user-seed-1', datetime('now'));
INSERT OR IGNORE INTO play_session_signups (session_id, user_id, created_at) VALUES ('session-seed-2', 'user-seed-2', datetime('now'));
INSERT OR IGNORE INTO play_session_signups (session_id, user_id, created_at) VALUES ('session-seed-2', 'user-seed-3', datetime('now'));
INSERT OR IGNORE INTO play_session_signups (session_id, user_id, created_at) VALUES ('session-seed-3', 'user-seed-2', datetime('now'));
INSERT OR IGNORE INTO play_session_signups (session_id, user_id, created_at) VALUES ('session-seed-3', 'user-seed-3', datetime('now'));
INSERT OR IGNORE INTO play_session_signups (session_id, user_id, created_at) VALUES ('session-seed-3', 'user-seed-4', datetime('now'));
INSERT OR IGNORE INTO play_session_signups (session_id, user_id, created_at) VALUES ('session-seed-3', 'user-seed-5', datetime('now'));
INSERT OR IGNORE INTO play_session_signups (session_id, user_id, created_at) VALUES ('session-seed-3', 'user-seed-6', datetime('now'));
INSERT OR IGNORE INTO play_session_signups (session_id, user_id, created_at) VALUES ('session-seed-4', 'user-seed-4', datetime('now'));
INSERT OR IGNORE INTO play_session_signups (session_id, user_id, created_at) VALUES ('session-seed-4', 'user-seed-5', datetime('now'));
INSERT OR IGNORE INTO play_session_signups (session_id, user_id, created_at) VALUES ('session-seed-4', 'user-seed-6', datetime('now'));
INSERT OR IGNORE INTO play_session_signups (session_id, user_id, created_at) VALUES ('session-seed-4', 'user-seed-7', datetime('now'));
INSERT OR IGNORE INTO play_session_signups (session_id, user_id, created_at) VALUES ('session-seed-4', 'user-seed-8', datetime('now'));
INSERT OR IGNORE INTO play_session_signups (session_id, user_id, created_at) VALUES ('session-seed-4', 'user-seed-9', datetime('now'));
INSERT OR IGNORE INTO play_session_signups (session_id, user_id, created_at) VALUES ('session-seed-5', 'user-seed-6', datetime('now'));
INSERT OR IGNORE INTO play_session_signups (session_id, user_id, created_at) VALUES ('session-seed-5', 'user-seed-7', datetime('now'));
INSERT OR IGNORE INTO play_session_signups (session_id, user_id, created_at) VALUES ('session-seed-5', 'user-seed-8', datetime('now'));
INSERT OR IGNORE INTO play_session_signups (session_id, user_id, created_at) VALUES ('session-seed-5', 'user-seed-9', datetime('now'));
INSERT OR IGNORE INTO play_session_signups (session_id, user_id, created_at) VALUES ('session-seed-5', 'user-seed-10', datetime('now'));
INSERT OR IGNORE INTO play_session_signups (session_id, user_id, created_at) VALUES ('session-seed-5', 'user-seed-11', datetime('now'));
INSERT OR IGNORE INTO play_session_signups (session_id, user_id, created_at) VALUES ('session-seed-5', 'user-seed-12', datetime('now'));
INSERT OR IGNORE INTO play_session_signups (session_id, user_id, created_at) VALUES ('session-seed-6', 'user-seed-8', datetime('now'));
INSERT OR IGNORE INTO play_session_signups (session_id, user_id, created_at) VALUES ('session-seed-6', 'user-seed-9', datetime('now'));
INSERT OR IGNORE INTO play_session_signups (session_id, user_id, created_at) VALUES ('session-seed-7', 'user-seed-10', datetime('now'));
INSERT OR IGNORE INTO play_session_signups (session_id, user_id, created_at) VALUES ('session-seed-7', 'user-seed-11', datetime('now'));
INSERT OR IGNORE INTO play_session_signups (session_id, user_id, created_at) VALUES ('session-seed-7', 'user-seed-12', datetime('now'));
INSERT OR IGNORE INTO play_session_signups (session_id, user_id, created_at) VALUES ('session-seed-8', 'user-seed-12', datetime('now'));
INSERT OR IGNORE INTO play_session_signups (session_id, user_id, created_at) VALUES ('session-seed-8', 'user-seed-13', datetime('now'));
INSERT OR IGNORE INTO play_session_signups (session_id, user_id, created_at) VALUES ('session-seed-8', 'user-seed-14', datetime('now'));
INSERT OR IGNORE INTO play_session_signups (session_id, user_id, created_at) VALUES ('session-seed-8', 'user-seed-15', datetime('now'));
INSERT OR IGNORE INTO play_session_signups (session_id, user_id, created_at) VALUES ('session-seed-9', 'user-seed-14', datetime('now'));
INSERT OR IGNORE INTO play_session_signups (session_id, user_id, created_at) VALUES ('session-seed-9', 'user-seed-15', datetime('now'));
INSERT OR IGNORE INTO play_session_signups (session_id, user_id, created_at) VALUES ('session-seed-9', 'user-seed-16', datetime('now'));
INSERT OR IGNORE INTO play_session_signups (session_id, user_id, created_at) VALUES ('session-seed-9', 'user-seed-17', datetime('now'));
INSERT OR IGNORE INTO play_session_signups (session_id, user_id, created_at) VALUES ('session-seed-9', 'user-seed-18', datetime('now'));
INSERT OR IGNORE INTO play_session_signups (session_id, user_id, created_at) VALUES ('session-seed-10', 'user-seed-16', datetime('now'));
INSERT OR IGNORE INTO play_session_signups (session_id, user_id, created_at) VALUES ('session-seed-10', 'user-seed-17', datetime('now'));
INSERT OR IGNORE INTO play_session_signups (session_id, user_id, created_at) VALUES ('session-seed-10', 'user-seed-18', datetime('now'));
INSERT OR IGNORE INTO play_session_signups (session_id, user_id, created_at) VALUES ('session-seed-10', 'user-seed-19', datetime('now'));
INSERT OR IGNORE INTO play_session_signups (session_id, user_id, created_at) VALUES ('session-seed-10', 'user-seed-20', datetime('now'));
INSERT OR IGNORE INTO play_session_signups (session_id, user_id, created_at) VALUES ('session-seed-10', 'user-seed-21', datetime('now'));
INSERT OR IGNORE INTO play_session_signups (session_id, user_id, created_at) VALUES ('session-seed-11', 'user-seed-18', datetime('now'));
INSERT OR IGNORE INTO play_session_signups (session_id, user_id, created_at) VALUES ('session-seed-11', 'user-seed-19', datetime('now'));
INSERT OR IGNORE INTO play_session_signups (session_id, user_id, created_at) VALUES ('session-seed-11', 'user-seed-20', datetime('now'));
INSERT OR IGNORE INTO play_session_signups (session_id, user_id, created_at) VALUES ('session-seed-11', 'user-seed-21', datetime('now'));
INSERT OR IGNORE INTO play_session_signups (session_id, user_id, created_at) VALUES ('session-seed-11', 'user-seed-22', datetime('now'));
INSERT OR IGNORE INTO play_session_signups (session_id, user_id, created_at) VALUES ('session-seed-11', 'user-seed-23', datetime('now'));
INSERT OR IGNORE INTO play_session_signups (session_id, user_id, created_at) VALUES ('session-seed-11', 'user-seed-24', datetime('now'));
INSERT OR IGNORE INTO play_session_signups (session_id, user_id, created_at) VALUES ('session-seed-12', 'user-seed-20', datetime('now'));
INSERT OR IGNORE INTO play_session_signups (session_id, user_id, created_at) VALUES ('session-seed-12', 'user-seed-21', datetime('now'));
INSERT OR IGNORE INTO play_session_signups (session_id, user_id, created_at) VALUES ('session-seed-13', 'user-seed-22', datetime('now'));
INSERT OR IGNORE INTO play_session_signups (session_id, user_id, created_at) VALUES ('session-seed-13', 'user-seed-23', datetime('now'));
INSERT OR IGNORE INTO play_session_signups (session_id, user_id, created_at) VALUES ('session-seed-13', 'user-seed-24', datetime('now'));
INSERT OR IGNORE INTO play_session_signups (session_id, user_id, created_at) VALUES ('session-seed-14', 'user-seed-24', datetime('now'));
INSERT OR IGNORE INTO play_session_signups (session_id, user_id, created_at) VALUES ('session-seed-14', 'user-seed-25', datetime('now'));
INSERT OR IGNORE INTO play_session_signups (session_id, user_id, created_at) VALUES ('session-seed-14', 'user-seed-26', datetime('now'));
INSERT OR IGNORE INTO play_session_signups (session_id, user_id, created_at) VALUES ('session-seed-14', 'user-seed-27', datetime('now'));
INSERT OR IGNORE INTO play_session_signups (session_id, user_id, created_at) VALUES ('session-seed-15', 'user-seed-26', datetime('now'));
INSERT OR IGNORE INTO play_session_signups (session_id, user_id, created_at) VALUES ('session-seed-15', 'user-seed-27', datetime('now'));
INSERT OR IGNORE INTO play_session_signups (session_id, user_id, created_at) VALUES ('session-seed-15', 'user-seed-28', datetime('now'));
INSERT OR IGNORE INTO play_session_signups (session_id, user_id, created_at) VALUES ('session-seed-15', 'user-seed-29', datetime('now'));
INSERT OR IGNORE INTO play_session_signups (session_id, user_id, created_at) VALUES ('session-seed-15', 'user-seed-30', datetime('now'));
INSERT OR IGNORE INTO play_session_signups (session_id, user_id, created_at) VALUES ('session-seed-16', 'user-seed-28', datetime('now'));
INSERT OR IGNORE INTO play_session_signups (session_id, user_id, created_at) VALUES ('session-seed-16', 'user-seed-29', datetime('now'));
INSERT OR IGNORE INTO play_session_signups (session_id, user_id, created_at) VALUES ('session-seed-16', 'user-seed-30', datetime('now'));
INSERT OR IGNORE INTO play_session_signups (session_id, user_id, created_at) VALUES ('session-seed-16', 'user-seed-31', datetime('now'));
INSERT OR IGNORE INTO play_session_signups (session_id, user_id, created_at) VALUES ('session-seed-16', 'user-seed-32', datetime('now'));
INSERT OR IGNORE INTO play_session_signups (session_id, user_id, created_at) VALUES ('session-seed-16', 'user-seed-33', datetime('now'));
INSERT OR IGNORE INTO play_session_signups (session_id, user_id, created_at) VALUES ('session-seed-17', 'user-seed-30', datetime('now'));
INSERT OR IGNORE INTO play_session_signups (session_id, user_id, created_at) VALUES ('session-seed-17', 'user-seed-31', datetime('now'));
INSERT OR IGNORE INTO play_session_signups (session_id, user_id, created_at) VALUES ('session-seed-17', 'user-seed-32', datetime('now'));
INSERT OR IGNORE INTO play_session_signups (session_id, user_id, created_at) VALUES ('session-seed-17', 'user-seed-33', datetime('now'));
INSERT OR IGNORE INTO play_session_signups (session_id, user_id, created_at) VALUES ('session-seed-17', 'user-seed-34', datetime('now'));
INSERT OR IGNORE INTO play_session_signups (session_id, user_id, created_at) VALUES ('session-seed-17', 'user-seed-35', datetime('now'));
INSERT OR IGNORE INTO play_session_signups (session_id, user_id, created_at) VALUES ('session-seed-17', 'user-seed-36', datetime('now'));
INSERT OR IGNORE INTO play_session_signups (session_id, user_id, created_at) VALUES ('session-seed-18', 'user-seed-32', datetime('now'));
INSERT OR IGNORE INTO play_session_signups (session_id, user_id, created_at) VALUES ('session-seed-18', 'user-seed-33', datetime('now'));
INSERT OR IGNORE INTO play_session_signups (session_id, user_id, created_at) VALUES ('session-seed-19', 'user-seed-34', datetime('now'));
INSERT OR IGNORE INTO play_session_signups (session_id, user_id, created_at) VALUES ('session-seed-19', 'user-seed-35', datetime('now'));
INSERT OR IGNORE INTO play_session_signups (session_id, user_id, created_at) VALUES ('session-seed-19', 'user-seed-36', datetime('now'));
INSERT OR IGNORE INTO play_session_signups (session_id, user_id, created_at) VALUES ('session-seed-20', 'user-seed-36', datetime('now'));
INSERT OR IGNORE INTO play_session_signups (session_id, user_id, created_at) VALUES ('session-seed-20', 'user-seed-37', datetime('now'));
INSERT OR IGNORE INTO play_session_signups (session_id, user_id, created_at) VALUES ('session-seed-20', 'user-seed-38', datetime('now'));
INSERT OR IGNORE INTO play_session_signups (session_id, user_id, created_at) VALUES ('session-seed-20', 'user-seed-39', datetime('now'));
INSERT OR IGNORE INTO play_session_signups (session_id, user_id, created_at) VALUES ('session-seed-21', 'user-seed-38', datetime('now'));
INSERT OR IGNORE INTO play_session_signups (session_id, user_id, created_at) VALUES ('session-seed-21', 'user-seed-39', datetime('now'));
INSERT OR IGNORE INTO play_session_signups (session_id, user_id, created_at) VALUES ('session-seed-21', 'user-seed-40', datetime('now'));
INSERT OR IGNORE INTO play_session_signups (session_id, user_id, created_at) VALUES ('session-seed-21', 'user-seed-41', datetime('now'));
INSERT OR IGNORE INTO play_session_signups (session_id, user_id, created_at) VALUES ('session-seed-21', 'user-seed-42', datetime('now'));
INSERT OR IGNORE INTO play_session_signups (session_id, user_id, created_at) VALUES ('session-seed-22', 'user-seed-40', datetime('now'));
INSERT OR IGNORE INTO play_session_signups (session_id, user_id, created_at) VALUES ('session-seed-22', 'user-seed-41', datetime('now'));
INSERT OR IGNORE INTO play_session_signups (session_id, user_id, created_at) VALUES ('session-seed-22', 'user-seed-42', datetime('now'));
INSERT OR IGNORE INTO play_session_signups (session_id, user_id, created_at) VALUES ('session-seed-22', 'user-seed-43', datetime('now'));
INSERT OR IGNORE INTO play_session_signups (session_id, user_id, created_at) VALUES ('session-seed-22', 'user-seed-44', datetime('now'));
INSERT OR IGNORE INTO play_session_signups (session_id, user_id, created_at) VALUES ('session-seed-22', 'user-seed-45', datetime('now'));
INSERT OR IGNORE INTO play_session_signups (session_id, user_id, created_at) VALUES ('session-seed-23', 'user-seed-42', datetime('now'));
INSERT OR IGNORE INTO play_session_signups (session_id, user_id, created_at) VALUES ('session-seed-23', 'user-seed-43', datetime('now'));
INSERT OR IGNORE INTO play_session_signups (session_id, user_id, created_at) VALUES ('session-seed-23', 'user-seed-44', datetime('now'));
INSERT OR IGNORE INTO play_session_signups (session_id, user_id, created_at) VALUES ('session-seed-23', 'user-seed-45', datetime('now'));
INSERT OR IGNORE INTO play_session_signups (session_id, user_id, created_at) VALUES ('session-seed-23', 'user-seed-46', datetime('now'));
INSERT OR IGNORE INTO play_session_signups (session_id, user_id, created_at) VALUES ('session-seed-23', 'user-seed-47', datetime('now'));
INSERT OR IGNORE INTO play_session_signups (session_id, user_id, created_at) VALUES ('session-seed-23', 'user-seed-48', datetime('now'));
INSERT OR IGNORE INTO play_session_signups (session_id, user_id, created_at) VALUES ('session-seed-24', 'user-seed-44', datetime('now'));
INSERT OR IGNORE INTO play_session_signups (session_id, user_id, created_at) VALUES ('session-seed-24', 'user-seed-45', datetime('now'));
INSERT OR IGNORE INTO play_session_signups (session_id, user_id, created_at) VALUES ('session-seed-25', 'user-seed-46', datetime('now'));
INSERT OR IGNORE INTO play_session_signups (session_id, user_id, created_at) VALUES ('session-seed-25', 'user-seed-47', datetime('now'));
INSERT OR IGNORE INTO play_session_signups (session_id, user_id, created_at) VALUES ('session-seed-25', 'user-seed-48', datetime('now'));
INSERT OR IGNORE INTO play_session_signups (session_id, user_id, created_at) VALUES ('session-seed-26', 'user-seed-48', datetime('now'));
INSERT OR IGNORE INTO play_session_signups (session_id, user_id, created_at) VALUES ('session-seed-26', 'user-seed-49', datetime('now'));
INSERT OR IGNORE INTO play_session_signups (session_id, user_id, created_at) VALUES ('session-seed-26', 'user-seed-50', datetime('now'));
INSERT OR IGNORE INTO play_session_signups (session_id, user_id, created_at) VALUES ('session-seed-26', 'user-seed-51', datetime('now'));
INSERT OR IGNORE INTO play_session_signups (session_id, user_id, created_at) VALUES ('session-seed-27', 'user-seed-50', datetime('now'));
INSERT OR IGNORE INTO play_session_signups (session_id, user_id, created_at) VALUES ('session-seed-27', 'user-seed-51', datetime('now'));
INSERT OR IGNORE INTO play_session_signups (session_id, user_id, created_at) VALUES ('session-seed-27', 'user-seed-52', datetime('now'));
INSERT OR IGNORE INTO play_session_signups (session_id, user_id, created_at) VALUES ('session-seed-27', 'user-seed-53', datetime('now'));
INSERT OR IGNORE INTO play_session_signups (session_id, user_id, created_at) VALUES ('session-seed-27', 'user-seed-54', datetime('now'));
INSERT OR IGNORE INTO play_session_signups (session_id, user_id, created_at) VALUES ('session-seed-28', 'user-seed-52', datetime('now'));
INSERT OR IGNORE INTO play_session_signups (session_id, user_id, created_at) VALUES ('session-seed-28', 'user-seed-53', datetime('now'));
INSERT OR IGNORE INTO play_session_signups (session_id, user_id, created_at) VALUES ('session-seed-28', 'user-seed-54', datetime('now'));
INSERT OR IGNORE INTO play_session_signups (session_id, user_id, created_at) VALUES ('session-seed-28', 'user-seed-55', datetime('now'));
INSERT OR IGNORE INTO play_session_signups (session_id, user_id, created_at) VALUES ('session-seed-28', 'user-seed-56', datetime('now'));
INSERT OR IGNORE INTO play_session_signups (session_id, user_id, created_at) VALUES ('session-seed-28', 'user-seed-57', datetime('now'));
INSERT OR IGNORE INTO play_session_signups (session_id, user_id, created_at) VALUES ('session-seed-29', 'user-seed-54', datetime('now'));
INSERT OR IGNORE INTO play_session_signups (session_id, user_id, created_at) VALUES ('session-seed-29', 'user-seed-55', datetime('now'));
INSERT OR IGNORE INTO play_session_signups (session_id, user_id, created_at) VALUES ('session-seed-29', 'user-seed-56', datetime('now'));
INSERT OR IGNORE INTO play_session_signups (session_id, user_id, created_at) VALUES ('session-seed-29', 'user-seed-57', datetime('now'));
INSERT OR IGNORE INTO play_session_signups (session_id, user_id, created_at) VALUES ('session-seed-29', 'user-seed-58', datetime('now'));
INSERT OR IGNORE INTO play_session_signups (session_id, user_id, created_at) VALUES ('session-seed-29', 'user-seed-59', datetime('now'));
INSERT OR IGNORE INTO play_session_signups (session_id, user_id, created_at) VALUES ('session-seed-29', 'user-seed-60', datetime('now'));
INSERT OR IGNORE INTO play_session_signups (session_id, user_id, created_at) VALUES ('session-seed-30', 'user-seed-56', datetime('now'));
INSERT OR IGNORE INTO play_session_signups (session_id, user_id, created_at) VALUES ('session-seed-30', 'user-seed-57', datetime('now'));
INSERT OR IGNORE INTO play_session_signups (session_id, user_id, created_at) VALUES ('session-seed-31', 'user-seed-58', datetime('now'));
INSERT OR IGNORE INTO play_session_signups (session_id, user_id, created_at) VALUES ('session-seed-31', 'user-seed-59', datetime('now'));
INSERT OR IGNORE INTO play_session_signups (session_id, user_id, created_at) VALUES ('session-seed-31', 'user-seed-60', datetime('now'));
INSERT OR IGNORE INTO play_session_signups (session_id, user_id, created_at) VALUES ('session-seed-32', 'user-seed-60', datetime('now'));
INSERT OR IGNORE INTO play_session_signups (session_id, user_id, created_at) VALUES ('session-seed-32', 'user-seed-61', datetime('now'));
INSERT OR IGNORE INTO play_session_signups (session_id, user_id, created_at) VALUES ('session-seed-32', 'user-seed-62', datetime('now'));
INSERT OR IGNORE INTO play_session_signups (session_id, user_id, created_at) VALUES ('session-seed-32', 'user-seed-63', datetime('now'));
INSERT OR IGNORE INTO play_session_signups (session_id, user_id, created_at) VALUES ('session-seed-33', 'user-seed-62', datetime('now'));
INSERT OR IGNORE INTO play_session_signups (session_id, user_id, created_at) VALUES ('session-seed-33', 'user-seed-63', datetime('now'));
INSERT OR IGNORE INTO play_session_signups (session_id, user_id, created_at) VALUES ('session-seed-33', 'user-seed-64', datetime('now'));
INSERT OR IGNORE INTO play_session_signups (session_id, user_id, created_at) VALUES ('session-seed-33', 'user-seed-65', datetime('now'));
INSERT OR IGNORE INTO play_session_signups (session_id, user_id, created_at) VALUES ('session-seed-33', 'user-seed-66', datetime('now'));
INSERT OR IGNORE INTO play_session_signups (session_id, user_id, created_at) VALUES ('session-seed-34', 'user-seed-64', datetime('now'));
INSERT OR IGNORE INTO play_session_signups (session_id, user_id, created_at) VALUES ('session-seed-34', 'user-seed-65', datetime('now'));
INSERT OR IGNORE INTO play_session_signups (session_id, user_id, created_at) VALUES ('session-seed-34', 'user-seed-66', datetime('now'));
INSERT OR IGNORE INTO play_session_signups (session_id, user_id, created_at) VALUES ('session-seed-34', 'user-seed-67', datetime('now'));
INSERT OR IGNORE INTO play_session_signups (session_id, user_id, created_at) VALUES ('session-seed-34', 'user-seed-68', datetime('now'));
INSERT OR IGNORE INTO play_session_signups (session_id, user_id, created_at) VALUES ('session-seed-34', 'user-seed-69', datetime('now'));
INSERT OR IGNORE INTO play_session_signups (session_id, user_id, created_at) VALUES ('session-seed-35', 'user-seed-66', datetime('now'));
INSERT OR IGNORE INTO play_session_signups (session_id, user_id, created_at) VALUES ('session-seed-35', 'user-seed-67', datetime('now'));
INSERT OR IGNORE INTO play_session_signups (session_id, user_id, created_at) VALUES ('session-seed-35', 'user-seed-68', datetime('now'));
INSERT OR IGNORE INTO play_session_signups (session_id, user_id, created_at) VALUES ('session-seed-35', 'user-seed-69', datetime('now'));
INSERT OR IGNORE INTO play_session_signups (session_id, user_id, created_at) VALUES ('session-seed-35', 'user-seed-70', datetime('now'));
INSERT OR IGNORE INTO play_session_signups (session_id, user_id, created_at) VALUES ('session-seed-35', 'user-seed-71', datetime('now'));
INSERT OR IGNORE INTO play_session_signups (session_id, user_id, created_at) VALUES ('session-seed-35', 'user-seed-72', datetime('now'));
INSERT OR IGNORE INTO play_session_signups (session_id, user_id, created_at) VALUES ('session-seed-36', 'user-seed-68', datetime('now'));
INSERT OR IGNORE INTO play_session_signups (session_id, user_id, created_at) VALUES ('session-seed-36', 'user-seed-69', datetime('now'));
INSERT OR IGNORE INTO play_session_signups (session_id, user_id, created_at) VALUES ('session-seed-37', 'user-seed-70', datetime('now'));
INSERT OR IGNORE INTO play_session_signups (session_id, user_id, created_at) VALUES ('session-seed-37', 'user-seed-71', datetime('now'));
INSERT OR IGNORE INTO play_session_signups (session_id, user_id, created_at) VALUES ('session-seed-37', 'user-seed-72', datetime('now'));
INSERT OR IGNORE INTO play_session_signups (session_id, user_id, created_at) VALUES ('session-seed-38', 'user-seed-72', datetime('now'));
INSERT OR IGNORE INTO play_session_signups (session_id, user_id, created_at) VALUES ('session-seed-38', 'user-seed-73', datetime('now'));
INSERT OR IGNORE INTO play_session_signups (session_id, user_id, created_at) VALUES ('session-seed-38', 'user-seed-74', datetime('now'));
INSERT OR IGNORE INTO play_session_signups (session_id, user_id, created_at) VALUES ('session-seed-38', 'user-seed-75', datetime('now'));
INSERT OR IGNORE INTO play_session_signups (session_id, user_id, created_at) VALUES ('session-seed-39', 'user-seed-74', datetime('now'));
INSERT OR IGNORE INTO play_session_signups (session_id, user_id, created_at) VALUES ('session-seed-39', 'user-seed-75', datetime('now'));
INSERT OR IGNORE INTO play_session_signups (session_id, user_id, created_at) VALUES ('session-seed-39', 'user-seed-76', datetime('now'));
INSERT OR IGNORE INTO play_session_signups (session_id, user_id, created_at) VALUES ('session-seed-39', 'user-seed-77', datetime('now'));
INSERT OR IGNORE INTO play_session_signups (session_id, user_id, created_at) VALUES ('session-seed-39', 'user-seed-78', datetime('now'));
INSERT OR IGNORE INTO play_session_signups (session_id, user_id, created_at) VALUES ('session-seed-40', 'user-seed-76', datetime('now'));
INSERT OR IGNORE INTO play_session_signups (session_id, user_id, created_at) VALUES ('session-seed-40', 'user-seed-77', datetime('now'));
INSERT OR IGNORE INTO play_session_signups (session_id, user_id, created_at) VALUES ('session-seed-40', 'user-seed-78', datetime('now'));
INSERT OR IGNORE INTO play_session_signups (session_id, user_id, created_at) VALUES ('session-seed-40', 'user-seed-79', datetime('now'));
INSERT OR IGNORE INTO play_session_signups (session_id, user_id, created_at) VALUES ('session-seed-40', 'user-seed-80', datetime('now'));
INSERT OR IGNORE INTO play_session_signups (session_id, user_id, created_at) VALUES ('session-seed-40', 'user-seed-81', datetime('now'));
INSERT OR IGNORE INTO play_session_signups (session_id, user_id, created_at) VALUES ('session-seed-41', 'user-seed-78', datetime('now'));
INSERT OR IGNORE INTO play_session_signups (session_id, user_id, created_at) VALUES ('session-seed-41', 'user-seed-79', datetime('now'));
INSERT OR IGNORE INTO play_session_signups (session_id, user_id, created_at) VALUES ('session-seed-41', 'user-seed-80', datetime('now'));
INSERT OR IGNORE INTO play_session_signups (session_id, user_id, created_at) VALUES ('session-seed-41', 'user-seed-81', datetime('now'));
INSERT OR IGNORE INTO play_session_signups (session_id, user_id, created_at) VALUES ('session-seed-41', 'user-seed-82', datetime('now'));
INSERT OR IGNORE INTO play_session_signups (session_id, user_id, created_at) VALUES ('session-seed-41', 'user-seed-83', datetime('now'));
INSERT OR IGNORE INTO play_session_signups (session_id, user_id, created_at) VALUES ('session-seed-41', 'user-seed-84', datetime('now'));
INSERT OR IGNORE INTO play_session_signups (session_id, user_id, created_at) VALUES ('session-seed-42', 'user-seed-80', datetime('now'));
INSERT OR IGNORE INTO play_session_signups (session_id, user_id, created_at) VALUES ('session-seed-42', 'user-seed-81', datetime('now'));
INSERT OR IGNORE INTO play_session_signups (session_id, user_id, created_at) VALUES ('session-seed-43', 'user-seed-82', datetime('now'));
INSERT OR IGNORE INTO play_session_signups (session_id, user_id, created_at) VALUES ('session-seed-43', 'user-seed-83', datetime('now'));
INSERT OR IGNORE INTO play_session_signups (session_id, user_id, created_at) VALUES ('session-seed-43', 'user-seed-84', datetime('now'));
INSERT OR IGNORE INTO play_session_signups (session_id, user_id, created_at) VALUES ('session-seed-44', 'user-seed-84', datetime('now'));
INSERT OR IGNORE INTO play_session_signups (session_id, user_id, created_at) VALUES ('session-seed-44', 'user-seed-85', datetime('now'));
INSERT OR IGNORE INTO play_session_signups (session_id, user_id, created_at) VALUES ('session-seed-44', 'user-seed-86', datetime('now'));
INSERT OR IGNORE INTO play_session_signups (session_id, user_id, created_at) VALUES ('session-seed-44', 'user-seed-87', datetime('now'));
INSERT OR IGNORE INTO play_session_signups (session_id, user_id, created_at) VALUES ('session-seed-45', 'user-seed-86', datetime('now'));
INSERT OR IGNORE INTO play_session_signups (session_id, user_id, created_at) VALUES ('session-seed-45', 'user-seed-87', datetime('now'));
INSERT OR IGNORE INTO play_session_signups (session_id, user_id, created_at) VALUES ('session-seed-45', 'user-seed-88', datetime('now'));
INSERT OR IGNORE INTO play_session_signups (session_id, user_id, created_at) VALUES ('session-seed-45', 'user-seed-89', datetime('now'));
INSERT OR IGNORE INTO play_session_signups (session_id, user_id, created_at) VALUES ('session-seed-45', 'user-seed-90', datetime('now'));
INSERT OR IGNORE INTO play_session_signups (session_id, user_id, created_at) VALUES ('session-seed-46', 'user-seed-88', datetime('now'));
INSERT OR IGNORE INTO play_session_signups (session_id, user_id, created_at) VALUES ('session-seed-46', 'user-seed-89', datetime('now'));
INSERT OR IGNORE INTO play_session_signups (session_id, user_id, created_at) VALUES ('session-seed-46', 'user-seed-90', datetime('now'));
INSERT OR IGNORE INTO play_session_signups (session_id, user_id, created_at) VALUES ('session-seed-46', 'user-seed-91', datetime('now'));
INSERT OR IGNORE INTO play_session_signups (session_id, user_id, created_at) VALUES ('session-seed-46', 'user-seed-92', datetime('now'));
INSERT OR IGNORE INTO play_session_signups (session_id, user_id, created_at) VALUES ('session-seed-46', 'user-seed-93', datetime('now'));
INSERT OR IGNORE INTO play_session_signups (session_id, user_id, created_at) VALUES ('session-seed-47', 'user-seed-90', datetime('now'));
INSERT OR IGNORE INTO play_session_signups (session_id, user_id, created_at) VALUES ('session-seed-47', 'user-seed-91', datetime('now'));
INSERT OR IGNORE INTO play_session_signups (session_id, user_id, created_at) VALUES ('session-seed-47', 'user-seed-92', datetime('now'));
INSERT OR IGNORE INTO play_session_signups (session_id, user_id, created_at) VALUES ('session-seed-47', 'user-seed-93', datetime('now'));
INSERT OR IGNORE INTO play_session_signups (session_id, user_id, created_at) VALUES ('session-seed-47', 'user-seed-94', datetime('now'));
INSERT OR IGNORE INTO play_session_signups (session_id, user_id, created_at) VALUES ('session-seed-47', 'user-seed-95', datetime('now'));
INSERT OR IGNORE INTO play_session_signups (session_id, user_id, created_at) VALUES ('session-seed-47', 'user-seed-96', datetime('now'));
INSERT OR IGNORE INTO play_session_signups (session_id, user_id, created_at) VALUES ('session-seed-48', 'user-seed-92', datetime('now'));
INSERT OR IGNORE INTO play_session_signups (session_id, user_id, created_at) VALUES ('session-seed-48', 'user-seed-93', datetime('now'));
INSERT OR IGNORE INTO play_session_signups (session_id, user_id, created_at) VALUES ('session-seed-49', 'user-seed-94', datetime('now'));
INSERT OR IGNORE INTO play_session_signups (session_id, user_id, created_at) VALUES ('session-seed-49', 'user-seed-95', datetime('now'));
INSERT OR IGNORE INTO play_session_signups (session_id, user_id, created_at) VALUES ('session-seed-49', 'user-seed-96', datetime('now'));
INSERT OR IGNORE INTO play_session_signups (session_id, user_id, created_at) VALUES ('session-seed-50', 'user-seed-96', datetime('now'));
INSERT OR IGNORE INTO play_session_signups (session_id, user_id, created_at) VALUES ('session-seed-50', 'user-seed-97', datetime('now'));
INSERT OR IGNORE INTO play_session_signups (session_id, user_id, created_at) VALUES ('session-seed-50', 'user-seed-98', datetime('now'));
INSERT OR IGNORE INTO play_session_signups (session_id, user_id, created_at) VALUES ('session-seed-50', 'user-seed-99', datetime('now'));
INSERT OR IGNORE INTO play_session_signups (session_id, user_id, created_at) VALUES ('session-seed-51', 'user-seed-98', datetime('now'));
INSERT OR IGNORE INTO play_session_signups (session_id, user_id, created_at) VALUES ('session-seed-51', 'user-seed-99', datetime('now'));
INSERT OR IGNORE INTO play_session_signups (session_id, user_id, created_at) VALUES ('session-seed-51', 'user-seed-100', datetime('now'));
INSERT OR IGNORE INTO play_session_signups (session_id, user_id, created_at) VALUES ('session-seed-51', 'user-seed-101', datetime('now'));
INSERT OR IGNORE INTO play_session_signups (session_id, user_id, created_at) VALUES ('session-seed-51', 'user-seed-102', datetime('now'));
INSERT OR IGNORE INTO play_session_signups (session_id, user_id, created_at) VALUES ('session-seed-52', 'user-seed-100', datetime('now'));
INSERT OR IGNORE INTO play_session_signups (session_id, user_id, created_at) VALUES ('session-seed-52', 'user-seed-101', datetime('now'));
INSERT OR IGNORE INTO play_session_signups (session_id, user_id, created_at) VALUES ('session-seed-52', 'user-seed-102', datetime('now'));
INSERT OR IGNORE INTO play_session_signups (session_id, user_id, created_at) VALUES ('session-seed-52', 'user-seed-103', datetime('now'));
INSERT OR IGNORE INTO play_session_signups (session_id, user_id, created_at) VALUES ('session-seed-52', 'user-seed-104', datetime('now'));
INSERT OR IGNORE INTO play_session_signups (session_id, user_id, created_at) VALUES ('session-seed-52', 'user-seed-105', datetime('now'));
INSERT OR IGNORE INTO play_session_signups (session_id, user_id, created_at) VALUES ('session-seed-53', 'user-seed-102', datetime('now'));
INSERT OR IGNORE INTO play_session_signups (session_id, user_id, created_at) VALUES ('session-seed-53', 'user-seed-103', datetime('now'));
INSERT OR IGNORE INTO play_session_signups (session_id, user_id, created_at) VALUES ('session-seed-53', 'user-seed-104', datetime('now'));
INSERT OR IGNORE INTO play_session_signups (session_id, user_id, created_at) VALUES ('session-seed-53', 'user-seed-105', datetime('now'));
INSERT OR IGNORE INTO play_session_signups (session_id, user_id, created_at) VALUES ('session-seed-53', 'user-seed-106', datetime('now'));
INSERT OR IGNORE INTO play_session_signups (session_id, user_id, created_at) VALUES ('session-seed-53', 'user-seed-107', datetime('now'));
INSERT OR IGNORE INTO play_session_signups (session_id, user_id, created_at) VALUES ('session-seed-53', 'user-seed-108', datetime('now'));
INSERT OR IGNORE INTO play_session_signups (session_id, user_id, created_at) VALUES ('session-seed-54', 'user-seed-104', datetime('now'));
INSERT OR IGNORE INTO play_session_signups (session_id, user_id, created_at) VALUES ('session-seed-54', 'user-seed-105', datetime('now'));
INSERT OR IGNORE INTO play_session_signups (session_id, user_id, created_at) VALUES ('session-seed-55', 'user-seed-106', datetime('now'));
INSERT OR IGNORE INTO play_session_signups (session_id, user_id, created_at) VALUES ('session-seed-55', 'user-seed-107', datetime('now'));
INSERT OR IGNORE INTO play_session_signups (session_id, user_id, created_at) VALUES ('session-seed-55', 'user-seed-108', datetime('now'));
INSERT OR IGNORE INTO play_session_notes (id, session_id, user_id, content, created_at) VALUES ('note-seed-1', 'session-seed-1', 'user-demo-5', 'I might be 5 min late', datetime('now'));
INSERT OR IGNORE INTO play_session_notes (id, session_id, user_id, content, created_at) VALUES ('note-seed-5', 'session-seed-5', 'user-seed-4', 'I might be 5 min late', datetime('now'));
INSERT OR IGNORE INTO play_session_notes (id, session_id, user_id, content, created_at) VALUES ('note-seed-9', 'session-seed-9', 'user-seed-8', 'I might be 5 min late', datetime('now'));
INSERT OR IGNORE INTO play_session_notes (id, session_id, user_id, content, created_at) VALUES ('note-seed-13', 'session-seed-13', 'user-seed-12', 'I might be 5 min late', datetime('now'));
INSERT OR IGNORE INTO play_session_notes (id, session_id, user_id, content, created_at) VALUES ('note-seed-17', 'session-seed-17', 'user-seed-16', 'I might be 5 min late', datetime('now'));
INSERT OR IGNORE INTO play_session_notes (id, session_id, user_id, content, created_at) VALUES ('note-seed-21', 'session-seed-21', 'user-seed-20', 'I might be 5 min late', datetime('now'));
INSERT OR IGNORE INTO play_session_notes (id, session_id, user_id, content, created_at) VALUES ('note-seed-25', 'session-seed-25', 'user-seed-24', 'I might be 5 min late', datetime('now'));
INSERT OR IGNORE INTO play_session_notes (id, session_id, user_id, content, created_at) VALUES ('note-seed-29', 'session-seed-29', 'user-seed-28', 'I might be 5 min late', datetime('now'));
INSERT OR IGNORE INTO play_session_notes (id, session_id, user_id, content, created_at) VALUES ('note-seed-33', 'session-seed-33', 'user-seed-32', 'I might be 5 min late', datetime('now'));
INSERT OR IGNORE INTO play_session_notes (id, session_id, user_id, content, created_at) VALUES ('note-seed-37', 'session-seed-37', 'user-seed-36', 'I might be 5 min late', datetime('now'));
INSERT OR IGNORE INTO play_session_notes (id, session_id, user_id, content, created_at) VALUES ('note-seed-41', 'session-seed-41', 'user-seed-40', 'I might be 5 min late', datetime('now'));
INSERT OR IGNORE INTO play_session_notes (id, session_id, user_id, content, created_at) VALUES ('note-seed-45', 'session-seed-45', 'user-seed-44', 'I might be 5 min late', datetime('now'));
INSERT OR IGNORE INTO play_session_notes (id, session_id, user_id, content, created_at) VALUES ('note-seed-49', 'session-seed-49', 'user-seed-48', 'I might be 5 min late', datetime('now'));
INSERT OR IGNORE INTO play_session_notes (id, session_id, user_id, content, created_at) VALUES ('note-seed-53', 'session-seed-53', 'user-seed-52', 'I might be 5 min late', datetime('now'));
INSERT OR IGNORE INTO play_session_waitlist (session_id, user_id, created_at) VALUES ('session-seed-2', 'user-seed-2', datetime('now'));
INSERT OR IGNORE INTO play_session_waitlist (session_id, user_id, created_at) VALUES ('session-seed-7', 'user-seed-7', datetime('now'));
INSERT OR IGNORE INTO play_session_waitlist (session_id, user_id, created_at) VALUES ('session-seed-12', 'user-seed-12', datetime('now'));
INSERT OR IGNORE INTO play_session_waitlist (session_id, user_id, created_at) VALUES ('session-seed-17', 'user-seed-17', datetime('now'));
INSERT OR IGNORE INTO play_session_waitlist (session_id, user_id, created_at) VALUES ('session-seed-22', 'user-seed-22', datetime('now'));
INSERT OR IGNORE INTO play_session_waitlist (session_id, user_id, created_at) VALUES ('session-seed-27', 'user-seed-27', datetime('now'));
INSERT OR IGNORE INTO play_session_waitlist (session_id, user_id, created_at) VALUES ('session-seed-32', 'user-seed-32', datetime('now'));
INSERT OR IGNORE INTO play_session_waitlist (session_id, user_id, created_at) VALUES ('session-seed-37', 'user-seed-37', datetime('now'));
INSERT OR IGNORE INTO play_session_waitlist (session_id, user_id, created_at) VALUES ('session-seed-42', 'user-seed-42', datetime('now'));
INSERT OR IGNORE INTO play_session_waitlist (session_id, user_id, created_at) VALUES ('session-seed-47', 'user-seed-47', datetime('now'));
INSERT OR IGNORE INTO play_session_waitlist (session_id, user_id, created_at) VALUES ('session-seed-52', 'user-seed-52', datetime('now'));

INSERT OR IGNORE INTO coaching_listings (id, user_id, title, description, location, availability, rate, contact_info, created_at) VALUES ('coaching-seed-1', 'user-demo-1', 'Private lessons  all levels', 'Experienced player. Focus on fundamentals and fun.', 'Austin Recreation Complex', 'Weekends 9am2pm', '$45/hr', 'DM me', datetime('now', '-1 days'));
INSERT OR IGNORE INTO coaching_listings (id, user_id, title, description, location, availability, rate, contact_info, created_at) VALUES ('coaching-seed-2', 'user-demo-2', 'Beginner group clinics', 'Experienced player. Focus on fundamentals and fun.', 'Phoenix Park Courts', 'Weekends 9am2pm', '$45/hr', 'DM me', datetime('now', '-2 days'));
INSERT OR IGNORE INTO coaching_listings (id, user_id, title, description, location, availability, rate, contact_info, created_at) VALUES ('coaching-seed-3', 'user-demo-3', 'Strategy and drill sessions', 'Experienced player. Focus on fundamentals and fun.', 'Denver Pickleball Club', 'Weekends 9am2pm', '$45/hr', 'DM me', datetime('now', '-3 days'));
INSERT OR IGNORE INTO coaching_listings (id, user_id, title, description, location, availability, rate, contact_info, created_at) VALUES ('coaching-seed-4', 'user-demo-4', 'Third-shot drop workshop', 'Experienced player. Focus on fundamentals and fun.', 'Seattle Sports Complex', 'Weekends 9am2pm', '$45/hr', 'DM me', datetime('now', '-4 days'));
INSERT OR IGNORE INTO coaching_listings (id, user_id, title, description, location, availability, rate, contact_info, created_at) VALUES ('coaching-seed-5', 'user-demo-5', 'Doubles positioning clinic', 'Experienced player. Focus on fundamentals and fun.', 'Chicago Tennis & Pickleball Center', 'Weekends 9am2pm', '$45/hr', 'DM me', datetime('now', '-5 days'));
INSERT OR IGNORE INTO coaching_listings (id, user_id, title, description, location, availability, rate, contact_info, created_at) VALUES ('coaching-seed-6', 'user-seed-1', 'Private lessons  all levels', 'Experienced player. Focus on fundamentals and fun.', 'San Diego YMCA', 'Weekends 9am2pm', '$45/hr', 'DM me', datetime('now', '-6 days'));
INSERT OR IGNORE INTO coaching_listings (id, user_id, title, description, location, availability, rate, contact_info, created_at) VALUES ('coaching-seed-7', 'user-seed-2', 'Beginner group clinics', 'Experienced player. Focus on fundamentals and fun.', 'Atlanta Public Park', 'Weekends 9am2pm', '$45/hr', 'DM me', datetime('now', '-7 days'));
INSERT OR IGNORE INTO coaching_listings (id, user_id, title, description, location, availability, rate, contact_info, created_at) VALUES ('coaching-seed-8', 'user-seed-3', 'Strategy and drill sessions', 'Experienced player. Focus on fundamentals and fun.', 'Miami Downtown Courts', 'Weekends 9am2pm', '$45/hr', 'DM me', datetime('now', '-8 days'));
INSERT OR IGNORE INTO coaching_listings (id, user_id, title, description, location, availability, rate, contact_info, created_at) VALUES ('coaching-seed-9', 'user-seed-4', 'Third-shot drop workshop', 'Experienced player. Focus on fundamentals and fun.', 'Portland Riverside Park', 'Weekends 9am2pm', '$45/hr', 'DM me', datetime('now', '-9 days'));
INSERT OR IGNORE INTO coaching_listings (id, user_id, title, description, location, availability, rate, contact_info, created_at) VALUES ('coaching-seed-10', 'user-seed-5', 'Doubles positioning clinic', 'Experienced player. Focus on fundamentals and fun.', 'Nashville Sunset Rec', 'Weekends 9am2pm', '$45/hr', 'DM me', datetime('now', '-10 days'));
INSERT OR IGNORE INTO coaching_listings (id, user_id, title, description, location, availability, rate, contact_info, created_at) VALUES ('coaching-seed-11', 'user-seed-6', 'Private lessons  all levels', 'Experienced player. Focus on fundamentals and fun.', 'Dallas Central Park', 'Weekends 9am2pm', '$45/hr', 'DM me', datetime('now', '-11 days'));
INSERT OR IGNORE INTO coaching_listings (id, user_id, title, description, location, availability, rate, contact_info, created_at) VALUES ('coaching-seed-12', 'user-seed-7', 'Beginner group clinics', 'Experienced player. Focus on fundamentals and fun.', 'Boston Heritage Park', 'Weekends 9am2pm', '$45/hr', 'DM me', datetime('now', '-12 days'));
INSERT OR IGNORE INTO coaching_listings (id, user_id, title, description, location, availability, rate, contact_info, created_at) VALUES ('coaching-seed-13', 'user-seed-8', 'Strategy and drill sessions', 'Experienced player. Focus on fundamentals and fun.', 'Las Vegas Lakeside Courts', 'Weekends 9am2pm', '$45/hr', 'DM me', datetime('now', '-13 days'));
INSERT OR IGNORE INTO coaching_listings (id, user_id, title, description, location, availability, rate, contact_info, created_at) VALUES ('coaching-seed-14', 'user-seed-9', 'Third-shot drop workshop', 'Experienced player. Focus on fundamentals and fun.', 'Minneapolis Meadowbrook Park', 'Weekends 9am2pm', '$45/hr', 'DM me', datetime('now', '-0 days'));
INSERT OR IGNORE INTO coaching_listings (id, user_id, title, description, location, availability, rate, contact_info, created_at) VALUES ('coaching-seed-15', 'user-seed-10', 'Doubles positioning clinic', 'Experienced player. Focus on fundamentals and fun.', 'Tampa Community Center', 'Weekends 9am2pm', '$45/hr', 'DM me', datetime('now', '-1 days'));
INSERT OR IGNORE INTO coaching_listings (id, user_id, title, description, location, availability, rate, contact_info, created_at) VALUES ('coaching-seed-16', 'user-seed-11', 'Private lessons  all levels', 'Experienced player. Focus on fundamentals and fun.', 'Raleigh Recreation Complex', 'Weekends 9am2pm', '$45/hr', 'DM me', datetime('now', '-2 days'));
INSERT OR IGNORE INTO coaching_listings (id, user_id, title, description, location, availability, rate, contact_info, created_at) VALUES ('coaching-seed-17', 'user-seed-12', 'Beginner group clinics', 'Experienced player. Focus on fundamentals and fun.', 'Salt Lake City Park Courts', 'Weekends 9am2pm', '$45/hr', 'DM me', datetime('now', '-3 days'));
INSERT OR IGNORE INTO coaching_listings (id, user_id, title, description, location, availability, rate, contact_info, created_at) VALUES ('coaching-seed-18', 'user-seed-13', 'Strategy and drill sessions', 'Experienced player. Focus on fundamentals and fun.', 'San Antonio Pickleball Club', 'Weekends 9am2pm', '$45/hr', 'DM me', datetime('now', '-4 days'));
INSERT OR IGNORE INTO coaching_listings (id, user_id, title, description, location, availability, rate, contact_info, created_at) VALUES ('coaching-seed-19', 'user-seed-14', 'Third-shot drop workshop', 'Experienced player. Focus on fundamentals and fun.', 'Orlando Sports Complex', 'Weekends 9am2pm', '$45/hr', 'DM me', datetime('now', '-5 days'));
INSERT OR IGNORE INTO coaching_listings (id, user_id, title, description, location, availability, rate, contact_info, created_at) VALUES ('coaching-seed-20', 'user-seed-15', 'Doubles positioning clinic', 'Experienced player. Focus on fundamentals and fun.', 'Charlotte Tennis & Pickleball Center', 'Weekends 9am2pm', '$45/hr', 'DM me', datetime('now', '-6 days'));
INSERT OR IGNORE INTO coaching_listings (id, user_id, title, description, location, availability, rate, contact_info, created_at) VALUES ('coaching-seed-21', 'user-seed-16', 'Private lessons  all levels', 'Experienced player. Focus on fundamentals and fun.', 'Indianapolis YMCA', 'Weekends 9am2pm', '$45/hr', 'DM me', datetime('now', '-7 days'));
INSERT OR IGNORE INTO coaching_listings (id, user_id, title, description, location, availability, rate, contact_info, created_at) VALUES ('coaching-seed-22', 'user-seed-17', 'Beginner group clinics', 'Experienced player. Focus on fundamentals and fun.', 'Austin Public Park', 'Weekends 9am2pm', '$45/hr', 'DM me', datetime('now', '-8 days'));
