INSERT OR IGNORE INTO messages (id, sender_id, receiver_id, content, created_at, read_at) VALUES ('msg-seed-135', 'user-seed-113', 'user-seed-25', 'What''s your DUPR?', datetime('now', '-2 days'), datetime('now', '-1 days'));
INSERT OR IGNORE INTO messages (id, sender_id, receiver_id, content, created_at, read_at) VALUES ('msg-seed-136', 'user-seed-1', 'user-seed-42', 'Great game today!', datetime('now', '-3 days'), NULL);
INSERT OR IGNORE INTO messages (id, sender_id, receiver_id, content, created_at, read_at) VALUES ('msg-seed-137', 'user-seed-14', 'user-seed-59', 'Hey, still on for Saturday?', datetime('now', '-4 days'), datetime('now', '-1 days'));
INSERT OR IGNORE INTO messages (id, sender_id, receiver_id, content, created_at, read_at) VALUES ('msg-seed-138', 'user-seed-27', 'user-seed-76', 'Yes! Court 2 at 10.', datetime('now', '-5 days'), datetime('now', '-1 days'));
INSERT OR IGNORE INTO messages (id, sender_id, receiver_id, content, created_at, read_at) VALUES ('msg-seed-139', 'user-seed-40', 'user-seed-93', 'Perfect, see you then.', datetime('now', '-6 days'), NULL);
INSERT OR IGNORE INTO messages (id, sender_id, receiver_id, content, created_at, read_at) VALUES ('msg-seed-140', 'user-seed-53', 'user-seed-110', 'Running 5 min late.', datetime('now', '-7 days'), datetime('now', '-1 days'));
INSERT OR IGNORE INTO messages (id, sender_id, receiver_id, content, created_at, read_at) VALUES ('msg-seed-141', 'user-seed-66', 'user-seed-2', 'Need a fourth?', datetime('now', '-1 days'), datetime('now', '-1 days'));
INSERT OR IGNORE INTO messages (id, sender_id, receiver_id, content, created_at, read_at) VALUES ('msg-seed-142', 'user-seed-79', 'user-seed-19', 'I''m in for tomorrow.', datetime('now', '-2 days'), NULL);
INSERT OR IGNORE INTO messages (id, sender_id, receiver_id, content, created_at, read_at) VALUES ('msg-seed-143', 'user-seed-92', 'user-seed-36', 'What''s your DUPR?', datetime('now', '-3 days'), datetime('now', '-1 days'));
INSERT OR IGNORE INTO messages (id, sender_id, receiver_id, content, created_at, read_at) VALUES ('msg-seed-144', 'user-seed-105', 'user-seed-53', 'Great game today!', datetime('now', '-4 days'), datetime('now', '-1 days'));
INSERT OR IGNORE INTO messages (id, sender_id, receiver_id, content, created_at, read_at) VALUES ('msg-seed-145', 'user-seed-118', 'user-seed-70', 'Hey, still on for Saturday?', datetime('now', '-5 days'), NULL);
INSERT OR IGNORE INTO messages (id, sender_id, receiver_id, content, created_at, read_at) VALUES ('msg-seed-146', 'user-seed-6', 'user-seed-87', 'Yes! Court 2 at 10.', datetime('now', '-6 days'), datetime('now', '-1 days'));
INSERT OR IGNORE INTO messages (id, sender_id, receiver_id, content, created_at, read_at) VALUES ('msg-seed-147', 'user-seed-19', 'user-seed-104', 'Perfect, see you then.', datetime('now', '-7 days'), datetime('now', '-1 days'));
INSERT OR IGNORE INTO messages (id, sender_id, receiver_id, content, created_at, read_at) VALUES ('msg-seed-148', 'user-seed-32', 'user-demo-1', 'Running 5 min late.', datetime('now', '-1 days'), NULL);
INSERT OR IGNORE INTO messages (id, sender_id, receiver_id, content, created_at, read_at) VALUES ('msg-seed-149', 'user-seed-45', 'user-seed-13', 'Need a fourth?', datetime('now', '-2 days'), datetime('now', '-1 days'));
INSERT OR IGNORE INTO messages (id, sender_id, receiver_id, content, created_at, read_at) VALUES ('msg-seed-150', 'user-seed-58', 'user-seed-30', 'I''m in for tomorrow.', datetime('now', '-3 days'), datetime('now', '-1 days'));
INSERT OR IGNORE INTO messages (id, sender_id, receiver_id, content, created_at, read_at) VALUES ('msg-seed-151', 'user-seed-71', 'user-seed-47', 'What''s your DUPR?', datetime('now', '-4 days'), NULL);
INSERT OR IGNORE INTO messages (id, sender_id, receiver_id, content, created_at, read_at) VALUES ('msg-seed-152', 'user-seed-84', 'user-seed-64', 'Great game today!', datetime('now', '-5 days'), datetime('now', '-1 days'));
INSERT OR IGNORE INTO messages (id, sender_id, receiver_id, content, created_at, read_at) VALUES ('msg-seed-153', 'user-seed-97', 'user-seed-81', 'Hey, still on for Saturday?', datetime('now', '-6 days'), datetime('now', '-1 days'));
INSERT OR IGNORE INTO messages (id, sender_id, receiver_id, content, created_at, read_at) VALUES ('msg-seed-154', 'user-seed-110', 'user-seed-98', 'Yes! Court 2 at 10.', datetime('now', '-7 days'), NULL);
INSERT OR IGNORE INTO messages (id, sender_id, receiver_id, content, created_at, read_at) VALUES ('msg-seed-155', 'user-demo-3', 'user-seed-115', 'Perfect, see you then.', datetime('now', '-1 days'), datetime('now', '-1 days'));
INSERT OR IGNORE INTO messages (id, sender_id, receiver_id, content, created_at, read_at) VALUES ('msg-seed-156', 'user-seed-11', 'user-seed-7', 'Running 5 min late.', datetime('now', '-2 days'), datetime('now', '-1 days'));
INSERT OR IGNORE INTO messages (id, sender_id, receiver_id, content, created_at, read_at) VALUES ('msg-seed-157', 'user-seed-24', 'user-seed-25', 'Need a fourth?', datetime('now', '-3 days'), NULL);
INSERT OR IGNORE INTO messages (id, sender_id, receiver_id, content, created_at, read_at) VALUES ('msg-seed-158', 'user-seed-37', 'user-seed-41', 'I''m in for tomorrow.', datetime('now', '-4 days'), datetime('now', '-1 days'));
INSERT OR IGNORE INTO messages (id, sender_id, receiver_id, content, created_at, read_at) VALUES ('msg-seed-159', 'user-seed-50', 'user-seed-58', 'What''s your DUPR?', datetime('now', '-5 days'), datetime('now', '-1 days'));
INSERT OR IGNORE INTO messages (id, sender_id, receiver_id, content, created_at, read_at) VALUES ('msg-seed-160', 'user-seed-63', 'user-seed-75', 'Great game today!', datetime('now', '-6 days'), NULL);
INSERT OR IGNORE INTO messages (id, sender_id, receiver_id, content, created_at, read_at) VALUES ('msg-seed-161', 'user-seed-76', 'user-seed-92', 'Hey, still on for Saturday?', datetime('now', '-7 days'), datetime('now', '-1 days'));
INSERT OR IGNORE INTO messages (id, sender_id, receiver_id, content, created_at, read_at) VALUES ('msg-seed-162', 'user-seed-89', 'user-seed-109', 'Yes! Court 2 at 10.', datetime('now', '-1 days'), datetime('now', '-1 days'));
INSERT OR IGNORE INTO messages (id, sender_id, receiver_id, content, created_at, read_at) VALUES ('msg-seed-163', 'user-seed-102', 'user-seed-1', 'Perfect, see you then.', datetime('now', '-2 days'), NULL);
INSERT OR IGNORE INTO messages (id, sender_id, receiver_id, content, created_at, read_at) VALUES ('msg-seed-164', 'user-seed-115', 'user-seed-18', 'Running 5 min late.', datetime('now', '-3 days'), datetime('now', '-1 days'));
INSERT OR IGNORE INTO messages (id, sender_id, receiver_id, content, created_at, read_at) VALUES ('msg-seed-165', 'user-seed-3', 'user-seed-35', 'Need a fourth?', datetime('now', '-4 days'), datetime('now', '-1 days'));
INSERT OR IGNORE INTO messages (id, sender_id, receiver_id, content, created_at, read_at) VALUES ('msg-seed-166', 'user-seed-16', 'user-seed-52', 'I''m in for tomorrow.', datetime('now', '-5 days'), NULL);
INSERT OR IGNORE INTO messages (id, sender_id, receiver_id, content, created_at, read_at) VALUES ('msg-seed-167', 'user-seed-29', 'user-seed-69', 'What''s your DUPR?', datetime('now', '-6 days'), datetime('now', '-1 days'));
INSERT OR IGNORE INTO messages (id, sender_id, receiver_id, content, created_at, read_at) VALUES ('msg-seed-168', 'user-seed-42', 'user-seed-86', 'Great game today!', datetime('now', '-7 days'), datetime('now', '-1 days'));
INSERT OR IGNORE INTO messages (id, sender_id, receiver_id, content, created_at, read_at) VALUES ('msg-seed-169', 'user-seed-55', 'user-seed-103', 'Hey, still on for Saturday?', datetime('now', '-1 days'), NULL);
INSERT OR IGNORE INTO messages (id, sender_id, receiver_id, content, created_at, read_at) VALUES ('msg-seed-170', 'user-seed-68', 'user-seed-120', 'Yes! Court 2 at 10.', datetime('now', '-2 days'), datetime('now', '-1 days'));
INSERT OR IGNORE INTO messages (id, sender_id, receiver_id, content, created_at, read_at) VALUES ('msg-seed-171', 'user-seed-81', 'user-seed-12', 'Perfect, see you then.', datetime('now', '-3 days'), datetime('now', '-1 days'));
INSERT OR IGNORE INTO messages (id, sender_id, receiver_id, content, created_at, read_at) VALUES ('msg-seed-172', 'user-seed-94', 'user-seed-29', 'Running 5 min late.', datetime('now', '-4 days'), NULL);
INSERT OR IGNORE INTO messages (id, sender_id, receiver_id, content, created_at, read_at) VALUES ('msg-seed-173', 'user-seed-107', 'user-seed-46', 'Need a fourth?', datetime('now', '-5 days'), datetime('now', '-1 days'));
INSERT OR IGNORE INTO messages (id, sender_id, receiver_id, content, created_at, read_at) VALUES ('msg-seed-174', 'user-seed-120', 'user-seed-63', 'I''m in for tomorrow.', datetime('now', '-6 days'), datetime('now', '-1 days'));
INSERT OR IGNORE INTO messages (id, sender_id, receiver_id, content, created_at, read_at) VALUES ('msg-seed-175', 'user-seed-8', 'user-seed-80', 'What''s your DUPR?', datetime('now', '-7 days'), NULL);
INSERT OR IGNORE INTO messages (id, sender_id, receiver_id, content, created_at, read_at) VALUES ('msg-seed-176', 'user-seed-21', 'user-seed-97', 'Great game today!', datetime('now', '-1 days'), datetime('now', '-1 days'));
INSERT OR IGNORE INTO messages (id, sender_id, receiver_id, content, created_at, read_at) VALUES ('msg-seed-177', 'user-seed-34', 'user-seed-114', 'Hey, still on for Saturday?', datetime('now', '-2 days'), datetime('now', '-1 days'));
INSERT OR IGNORE INTO messages (id, sender_id, receiver_id, content, created_at, read_at) VALUES ('msg-seed-178', 'user-seed-47', 'user-seed-6', 'Yes! Court 2 at 10.', datetime('now', '-3 days'), NULL);
INSERT OR IGNORE INTO messages (id, sender_id, receiver_id, content, created_at, read_at) VALUES ('msg-seed-179', 'user-seed-60', 'user-seed-23', 'Perfect, see you then.', datetime('now', '-4 days'), datetime('now', '-1 days'));
INSERT OR IGNORE INTO messages (id, sender_id, receiver_id, content, created_at, read_at) VALUES ('msg-seed-180', 'user-seed-73', 'user-seed-40', 'Running 5 min late.', datetime('now', '-5 days'), datetime('now', '-1 days'));

INSERT OR IGNORE INTO court_queue (court_id, user_id, created_at) VALUES ('1', 'user-demo-1', datetime('now', '-0 minutes'));
INSERT OR IGNORE INTO court_queue (court_id, user_id, created_at) VALUES ('1', 'user-demo-2', datetime('now', '-5 minutes'));
INSERT OR IGNORE INTO court_admins (court_id, user_id, created_at) VALUES ('1', 'user-demo-1', datetime('now', '-1 day'));
INSERT OR IGNORE INTO court_queue (court_id, user_id, created_at) VALUES ('2', 'user-demo-4', datetime('now', '-0 minutes'));
INSERT OR IGNORE INTO court_queue (court_id, user_id, created_at) VALUES ('2', 'user-demo-5', datetime('now', '-5 minutes'));
INSERT OR IGNORE INTO court_queue (court_id, user_id, created_at) VALUES ('2', 'user-seed-1', datetime('now', '-10 minutes'));
INSERT OR IGNORE INTO court_admins (court_id, user_id, created_at) VALUES ('2', 'user-demo-2', datetime('now', '-1 day'));
INSERT OR IGNORE INTO court_queue (court_id, user_id, created_at) VALUES ('3', 'user-seed-2', datetime('now', '-0 minutes'));
INSERT OR IGNORE INTO court_queue (court_id, user_id, created_at) VALUES ('3', 'user-seed-3', datetime('now', '-5 minutes'));
INSERT OR IGNORE INTO court_queue (court_id, user_id, created_at) VALUES ('3', 'user-seed-4', datetime('now', '-10 minutes'));
INSERT OR IGNORE INTO court_queue (court_id, user_id, created_at) VALUES ('3', 'user-seed-5', datetime('now', '-15 minutes'));
INSERT OR IGNORE INTO court_admins (court_id, user_id, created_at) VALUES ('3', 'user-demo-3', datetime('now', '-1 day'));
INSERT OR IGNORE INTO court_queue (court_id, user_id, created_at) VALUES ('court-seed-1', 'user-seed-5', datetime('now', '-0 minutes'));
INSERT OR IGNORE INTO court_queue (court_id, user_id, created_at) VALUES ('court-seed-1', 'user-seed-6', datetime('now', '-5 minutes'));
INSERT OR IGNORE INTO court_queue (court_id, user_id, created_at) VALUES ('court-seed-1', 'user-seed-7', datetime('now', '-10 minutes'));
INSERT OR IGNORE INTO court_queue (court_id, user_id, created_at) VALUES ('court-seed-1', 'user-seed-8', datetime('now', '-15 minutes'));
INSERT OR IGNORE INTO court_queue (court_id, user_id, created_at) VALUES ('court-seed-1', 'user-seed-9', datetime('now', '-20 minutes'));
INSERT OR IGNORE INTO court_admins (court_id, user_id, created_at) VALUES ('court-seed-1', 'user-demo-4', datetime('now', '-1 day'));
INSERT OR IGNORE INTO court_queue (court_id, user_id, created_at) VALUES ('court-seed-2', 'user-seed-8', datetime('now', '-0 minutes'));
INSERT OR IGNORE INTO court_queue (court_id, user_id, created_at) VALUES ('court-seed-2', 'user-seed-9', datetime('now', '-5 minutes'));
INSERT OR IGNORE INTO court_queue (court_id, user_id, created_at) VALUES ('court-seed-2', 'user-seed-10', datetime('now', '-10 minutes'));
INSERT OR IGNORE INTO court_queue (court_id, user_id, created_at) VALUES ('court-seed-2', 'user-seed-11', datetime('now', '-15 minutes'));
INSERT OR IGNORE INTO court_queue (court_id, user_id, created_at) VALUES ('court-seed-2', 'user-seed-12', datetime('now', '-20 minutes'));
INSERT OR IGNORE INTO court_queue (court_id, user_id, created_at) VALUES ('court-seed-2', 'user-seed-13', datetime('now', '-25 minutes'));
INSERT OR IGNORE INTO court_admins (court_id, user_id, created_at) VALUES ('court-seed-2', 'user-demo-5', datetime('now', '-1 day'));
INSERT OR IGNORE INTO court_queue (court_id, user_id, created_at) VALUES ('court-seed-3', 'user-seed-11', datetime('now', '-0 minutes'));
INSERT OR IGNORE INTO court_queue (court_id, user_id, created_at) VALUES ('court-seed-3', 'user-seed-12', datetime('now', '-5 minutes'));
INSERT OR IGNORE INTO court_admins (court_id, user_id, created_at) VALUES ('court-seed-3', 'user-seed-1', datetime('now', '-1 day'));
INSERT OR IGNORE INTO court_queue (court_id, user_id, created_at) VALUES ('court-seed-4', 'user-seed-14', datetime('now', '-0 minutes'));
INSERT OR IGNORE INTO court_queue (court_id, user_id, created_at) VALUES ('court-seed-4', 'user-seed-15', datetime('now', '-5 minutes'));
INSERT OR IGNORE INTO court_queue (court_id, user_id, created_at) VALUES ('court-seed-4', 'user-seed-16', datetime('now', '-10 minutes'));
INSERT OR IGNORE INTO court_admins (court_id, user_id, created_at) VALUES ('court-seed-4', 'user-seed-2', datetime('now', '-1 day'));
INSERT OR IGNORE INTO court_queue (court_id, user_id, created_at) VALUES ('court-seed-5', 'user-seed-17', datetime('now', '-0 minutes'));
INSERT OR IGNORE INTO court_queue (court_id, user_id, created_at) VALUES ('court-seed-5', 'user-seed-18', datetime('now', '-5 minutes'));
INSERT OR IGNORE INTO court_queue (court_id, user_id, created_at) VALUES ('court-seed-5', 'user-seed-19', datetime('now', '-10 minutes'));
INSERT OR IGNORE INTO court_queue (court_id, user_id, created_at) VALUES ('court-seed-5', 'user-seed-20', datetime('now', '-15 minutes'));
INSERT OR IGNORE INTO court_admins (court_id, user_id, created_at) VALUES ('court-seed-5', 'user-seed-3', datetime('now', '-1 day'));
INSERT OR IGNORE INTO court_queue (court_id, user_id, created_at) VALUES ('court-seed-6', 'user-seed-20', datetime('now', '-0 minutes'));
INSERT OR IGNORE INTO court_queue (court_id, user_id, created_at) VALUES ('court-seed-6', 'user-seed-21', datetime('now', '-5 minutes'));
INSERT OR IGNORE INTO court_queue (court_id, user_id, created_at) VALUES ('court-seed-6', 'user-seed-22', datetime('now', '-10 minutes'));
INSERT OR IGNORE INTO court_queue (court_id, user_id, created_at) VALUES ('court-seed-6', 'user-seed-23', datetime('now', '-15 minutes'));
INSERT OR IGNORE INTO court_queue (court_id, user_id, created_at) VALUES ('court-seed-6', 'user-seed-24', datetime('now', '-20 minutes'));
INSERT OR IGNORE INTO court_admins (court_id, user_id, created_at) VALUES ('court-seed-6', 'user-seed-4', datetime('now', '-1 day'));
INSERT OR IGNORE INTO court_queue (court_id, user_id, created_at) VALUES ('court-seed-7', 'user-seed-23', datetime('now', '-0 minutes'));
INSERT OR IGNORE INTO court_queue (court_id, user_id, created_at) VALUES ('court-seed-7', 'user-seed-24', datetime('now', '-5 minutes'));
INSERT OR IGNORE INTO court_queue (court_id, user_id, created_at) VALUES ('court-seed-7', 'user-seed-25', datetime('now', '-10 minutes'));
INSERT OR IGNORE INTO court_queue (court_id, user_id, created_at) VALUES ('court-seed-7', 'user-seed-26', datetime('now', '-15 minutes'));
INSERT OR IGNORE INTO court_queue (court_id, user_id, created_at) VALUES ('court-seed-7', 'user-seed-27', datetime('now', '-20 minutes'));
INSERT OR IGNORE INTO court_queue (court_id, user_id, created_at) VALUES ('court-seed-7', 'user-seed-28', datetime('now', '-25 minutes'));
INSERT OR IGNORE INTO court_admins (court_id, user_id, created_at) VALUES ('court-seed-7', 'user-seed-5', datetime('now', '-1 day'));
INSERT OR IGNORE INTO court_queue (court_id, user_id, created_at) VALUES ('court-seed-8', 'user-seed-26', datetime('now', '-0 minutes'));
INSERT OR IGNORE INTO court_queue (court_id, user_id, created_at) VALUES ('court-seed-8', 'user-seed-27', datetime('now', '-5 minutes'));
INSERT OR IGNORE INTO court_admins (court_id, user_id, created_at) VALUES ('court-seed-8', 'user-seed-6', datetime('now', '-1 day'));
INSERT OR IGNORE INTO court_queue (court_id, user_id, created_at) VALUES ('court-seed-9', 'user-seed-29', datetime('now', '-0 minutes'));
INSERT OR IGNORE INTO court_queue (court_id, user_id, created_at) VALUES ('court-seed-9', 'user-seed-30', datetime('now', '-5 minutes'));
INSERT OR IGNORE INTO court_queue (court_id, user_id, created_at) VALUES ('court-seed-9', 'user-seed-31', datetime('now', '-10 minutes'));
INSERT OR IGNORE INTO court_admins (court_id, user_id, created_at) VALUES ('court-seed-9', 'user-seed-7', datetime('now', '-1 day'));
INSERT OR IGNORE INTO court_queue (court_id, user_id, created_at) VALUES ('court-seed-10', 'user-seed-32', datetime('now', '-0 minutes'));
INSERT OR IGNORE INTO court_queue (court_id, user_id, created_at) VALUES ('court-seed-10', 'user-seed-33', datetime('now', '-5 minutes'));
INSERT OR IGNORE INTO court_queue (court_id, user_id, created_at) VALUES ('court-seed-10', 'user-seed-34', datetime('now', '-10 minutes'));
INSERT OR IGNORE INTO court_queue (court_id, user_id, created_at) VALUES ('court-seed-10', 'user-seed-35', datetime('now', '-15 minutes'));
INSERT OR IGNORE INTO court_admins (court_id, user_id, created_at) VALUES ('court-seed-10', 'user-seed-8', datetime('now', '-1 day'));
INSERT OR IGNORE INTO court_queue (court_id, user_id, created_at) VALUES ('court-seed-11', 'user-seed-35', datetime('now', '-0 minutes'));
INSERT OR IGNORE INTO court_queue (court_id, user_id, created_at) VALUES ('court-seed-11', 'user-seed-36', datetime('now', '-5 minutes'));
INSERT OR IGNORE INTO court_queue (court_id, user_id, created_at) VALUES ('court-seed-11', 'user-seed-37', datetime('now', '-10 minutes'));
INSERT OR IGNORE INTO court_queue (court_id, user_id, created_at) VALUES ('court-seed-11', 'user-seed-38', datetime('now', '-15 minutes'));
INSERT OR IGNORE INTO court_queue (court_id, user_id, created_at) VALUES ('court-seed-11', 'user-seed-39', datetime('now', '-20 minutes'));
INSERT OR IGNORE INTO court_admins (court_id, user_id, created_at) VALUES ('court-seed-11', 'user-seed-9', datetime('now', '-1 day'));
INSERT OR IGNORE INTO court_queue (court_id, user_id, created_at) VALUES ('court-seed-12', 'user-seed-38', datetime('now', '-0 minutes'));
INSERT OR IGNORE INTO court_queue (court_id, user_id, created_at) VALUES ('court-seed-12', 'user-seed-39', datetime('now', '-5 minutes'));
INSERT OR IGNORE INTO court_queue (court_id, user_id, created_at) VALUES ('court-seed-12', 'user-seed-40', datetime('now', '-10 minutes'));
INSERT OR IGNORE INTO court_queue (court_id, user_id, created_at) VALUES ('court-seed-12', 'user-seed-41', datetime('now', '-15 minutes'));
INSERT OR IGNORE INTO court_queue (court_id, user_id, created_at) VALUES ('court-seed-12', 'user-seed-42', datetime('now', '-20 minutes'));
INSERT OR IGNORE INTO court_queue (court_id, user_id, created_at) VALUES ('court-seed-12', 'user-seed-43', datetime('now', '-25 minutes'));
INSERT OR IGNORE INTO court_admins (court_id, user_id, created_at) VALUES ('court-seed-12', 'user-seed-10', datetime('now', '-1 day'));
INSERT OR IGNORE INTO court_queue (court_id, user_id, created_at) VALUES ('court-seed-13', 'user-seed-41', datetime('now', '-0 minutes'));
INSERT OR IGNORE INTO court_queue (court_id, user_id, created_at) VALUES ('court-seed-13', 'user-seed-42', datetime('now', '-5 minutes'));
INSERT OR IGNORE INTO court_admins (court_id, user_id, created_at) VALUES ('court-seed-13', 'user-seed-11', datetime('now', '-1 day'));
INSERT OR IGNORE INTO court_queue (court_id, user_id, created_at) VALUES ('court-seed-14', 'user-seed-44', datetime('now', '-0 minutes'));
INSERT OR IGNORE INTO court_queue (court_id, user_id, created_at) VALUES ('court-seed-14', 'user-seed-45', datetime('now', '-5 minutes'));
INSERT OR IGNORE INTO court_queue (court_id, user_id, created_at) VALUES ('court-seed-14', 'user-seed-46', datetime('now', '-10 minutes'));
INSERT OR IGNORE INTO court_admins (court_id, user_id, created_at) VALUES ('court-seed-14', 'user-seed-12', datetime('now', '-1 day'));
INSERT OR IGNORE INTO court_queue (court_id, user_id, created_at) VALUES ('court-seed-15', 'user-seed-47', datetime('now', '-0 minutes'));
INSERT OR IGNORE INTO court_queue (court_id, user_id, created_at) VALUES ('court-seed-15', 'user-seed-48', datetime('now', '-5 minutes'));
INSERT OR IGNORE INTO court_queue (court_id, user_id, created_at) VALUES ('court-seed-15', 'user-seed-49', datetime('now', '-10 minutes'));
INSERT OR IGNORE INTO court_queue (court_id, user_id, created_at) VALUES ('court-seed-15', 'user-seed-50', datetime('now', '-15 minutes'));
INSERT OR IGNORE INTO court_admins (court_id, user_id, created_at) VALUES ('court-seed-15', 'user-seed-13', datetime('now', '-1 day'));
INSERT OR IGNORE INTO court_queue (court_id, user_id, created_at) VALUES ('court-seed-16', 'user-seed-50', datetime('now', '-0 minutes'));
INSERT OR IGNORE INTO court_queue (court_id, user_id, created_at) VALUES ('court-seed-16', 'user-seed-51', datetime('now', '-5 minutes'));
INSERT OR IGNORE INTO court_queue (court_id, user_id, created_at) VALUES ('court-seed-16', 'user-seed-52', datetime('now', '-10 minutes'));
INSERT OR IGNORE INTO court_queue (court_id, user_id, created_at) VALUES ('court-seed-16', 'user-seed-53', datetime('now', '-15 minutes'));
INSERT OR IGNORE INTO court_queue (court_id, user_id, created_at) VALUES ('court-seed-16', 'user-seed-54', datetime('now', '-20 minutes'));
INSERT OR IGNORE INTO court_admins (court_id, user_id, created_at) VALUES ('court-seed-16', 'user-seed-14', datetime('now', '-1 day'));
INSERT OR IGNORE INTO court_queue (court_id, user_id, created_at) VALUES ('court-seed-17', 'user-seed-53', datetime('now', '-0 minutes'));
INSERT OR IGNORE INTO court_queue (court_id, user_id, created_at) VALUES ('court-seed-17', 'user-seed-54', datetime('now', '-5 minutes'));
INSERT OR IGNORE INTO court_queue (court_id, user_id, created_at) VALUES ('court-seed-17', 'user-seed-55', datetime('now', '-10 minutes'));
INSERT OR IGNORE INTO court_queue (court_id, user_id, created_at) VALUES ('court-seed-17', 'user-seed-56', datetime('now', '-15 minutes'));
INSERT OR IGNORE INTO court_queue (court_id, user_id, created_at) VALUES ('court-seed-17', 'user-seed-57', datetime('now', '-20 minutes'));
INSERT OR IGNORE INTO court_queue (court_id, user_id, created_at) VALUES ('court-seed-17', 'user-seed-58', datetime('now', '-25 minutes'));
INSERT OR IGNORE INTO court_admins (court_id, user_id, created_at) VALUES ('court-seed-17', 'user-seed-15', datetime('now', '-1 day'));
INSERT OR IGNORE INTO court_queue (court_id, user_id, created_at) VALUES ('court-seed-18', 'user-seed-56', datetime('now', '-0 minutes'));
INSERT OR IGNORE INTO court_queue (court_id, user_id, created_at) VALUES ('court-seed-18', 'user-seed-57', datetime('now', '-5 minutes'));
INSERT OR IGNORE INTO court_admins (court_id, user_id, created_at) VALUES ('court-seed-18', 'user-seed-16', datetime('now', '-1 day'));
INSERT OR IGNORE INTO court_queue (court_id, user_id, created_at) VALUES ('court-seed-19', 'user-seed-59', datetime('now', '-0 minutes'));
INSERT OR IGNORE INTO court_queue (court_id, user_id, created_at) VALUES ('court-seed-19', 'user-seed-60', datetime('now', '-5 minutes'));
INSERT OR IGNORE INTO court_queue (court_id, user_id, created_at) VALUES ('court-seed-19', 'user-seed-61', datetime('now', '-10 minutes'));
INSERT OR IGNORE INTO court_admins (court_id, user_id, created_at) VALUES ('court-seed-19', 'user-seed-17', datetime('now', '-1 day'));
INSERT OR IGNORE INTO court_queue (court_id, user_id, created_at) VALUES ('court-seed-20', 'user-seed-62', datetime('now', '-0 minutes'));
INSERT OR IGNORE INTO court_queue (court_id, user_id, created_at) VALUES ('court-seed-20', 'user-seed-63', datetime('now', '-5 minutes'));
INSERT OR IGNORE INTO court_queue (court_id, user_id, created_at) VALUES ('court-seed-20', 'user-seed-64', datetime('now', '-10 minutes'));
INSERT OR IGNORE INTO court_queue (court_id, user_id, created_at) VALUES ('court-seed-20', 'user-seed-65', datetime('now', '-15 minutes'));
INSERT OR IGNORE INTO court_admins (court_id, user_id, created_at) VALUES ('court-seed-20', 'user-seed-18', datetime('now', '-1 day'));
INSERT OR IGNORE INTO court_queue (court_id, user_id, created_at) VALUES ('court-seed-21', 'user-seed-65', datetime('now', '-0 minutes'));
INSERT OR IGNORE INTO court_queue (court_id, user_id, created_at) VALUES ('court-seed-21', 'user-seed-66', datetime('now', '-5 minutes'));
INSERT OR IGNORE INTO court_queue (court_id, user_id, created_at) VALUES ('court-seed-21', 'user-seed-67', datetime('now', '-10 minutes'));
INSERT OR IGNORE INTO court_queue (court_id, user_id, created_at) VALUES ('court-seed-21', 'user-seed-68', datetime('now', '-15 minutes'));
INSERT OR IGNORE INTO court_queue (court_id, user_id, created_at) VALUES ('court-seed-21', 'user-seed-69', datetime('now', '-20 minutes'));
INSERT OR IGNORE INTO court_admins (court_id, user_id, created_at) VALUES ('court-seed-21', 'user-seed-19', datetime('now', '-1 day'));
INSERT OR IGNORE INTO court_queue (court_id, user_id, created_at) VALUES ('court-seed-22', 'user-seed-68', datetime('now', '-0 minutes'));
INSERT OR IGNORE INTO court_queue (court_id, user_id, created_at) VALUES ('court-seed-22', 'user-seed-69', datetime('now', '-5 minutes'));
INSERT OR IGNORE INTO court_queue (court_id, user_id, created_at) VALUES ('court-seed-22', 'user-seed-70', datetime('now', '-10 minutes'));
INSERT OR IGNORE INTO court_queue (court_id, user_id, created_at) VALUES ('court-seed-22', 'user-seed-71', datetime('now', '-15 minutes'));
INSERT OR IGNORE INTO court_queue (court_id, user_id, created_at) VALUES ('court-seed-22', 'user-seed-72', datetime('now', '-20 minutes'));
INSERT OR IGNORE INTO court_queue (court_id, user_id, created_at) VALUES ('court-seed-22', 'user-seed-73', datetime('now', '-25 minutes'));
INSERT OR IGNORE INTO court_admins (court_id, user_id, created_at) VALUES ('court-seed-22', 'user-seed-20', datetime('now', '-1 day'));

INSERT OR IGNORE INTO tournaments (id, name, admin_id, status, created_at) VALUES ('tournament-seed-1', 'Seed Tournament 1', 'user-demo-1', 'in_progress', datetime('now', '-6 days'));
INSERT OR IGNORE INTO tournament_participants (tournament_id, user_id, seed, created_at) VALUES ('tournament-seed-1', 'user-demo-3', 1, datetime('now'));
INSERT OR IGNORE INTO tournament_participants (tournament_id, user_id, seed, created_at) VALUES ('tournament-seed-1', 'user-demo-4', 2, datetime('now'));
INSERT OR IGNORE INTO tournament_participants (tournament_id, user_id, seed, created_at) VALUES ('tournament-seed-1', 'user-demo-5', 3, datetime('now'));
INSERT OR IGNORE INTO tournament_participants (tournament_id, user_id, seed, created_at) VALUES ('tournament-seed-1', 'user-seed-1', 4, datetime('now'));
INSERT OR IGNORE INTO tournaments (id, name, admin_id, status, created_at) VALUES ('tournament-seed-2', 'Seed Tournament 2', 'user-demo-2', 'completed', datetime('now', '-7 days'));
INSERT OR IGNORE INTO tournament_participants (tournament_id, user_id, seed, created_at) VALUES ('tournament-seed-2', 'user-demo-5', 1, datetime('now'));
INSERT OR IGNORE INTO tournament_participants (tournament_id, user_id, seed, created_at) VALUES ('tournament-seed-2', 'user-seed-1', 2, datetime('now'));
INSERT OR IGNORE INTO tournament_participants (tournament_id, user_id, seed, created_at) VALUES ('tournament-seed-2', 'user-seed-2', 3, datetime('now'));
INSERT OR IGNORE INTO tournament_participants (tournament_id, user_id, seed, created_at) VALUES ('tournament-seed-2', 'user-seed-3', 4, datetime('now'));
INSERT OR IGNORE INTO tournament_participants (tournament_id, user_id, seed, created_at) VALUES ('tournament-seed-2', 'user-seed-4', 5, datetime('now'));
INSERT OR IGNORE INTO tournament_participants (tournament_id, user_id, seed, created_at) VALUES ('tournament-seed-2', 'user-seed-5', 6, datetime('now'));
INSERT OR IGNORE INTO tournament_participants (tournament_id, user_id, seed, created_at) VALUES ('tournament-seed-2', 'user-seed-6', 7, datetime('now'));
INSERT OR IGNORE INTO tournament_participants (tournament_id, user_id, seed, created_at) VALUES ('tournament-seed-2', 'user-seed-7', 8, datetime('now'));
INSERT OR IGNORE INTO tournaments (id, name, admin_id, status, created_at) VALUES ('tournament-seed-3', 'Seed Tournament 3', 'user-demo-3', 'draft', datetime('now', '-8 days'));
INSERT OR IGNORE INTO tournament_participants (tournament_id, user_id, seed, created_at) VALUES ('tournament-seed-3', 'user-seed-2', 1, datetime('now'));
INSERT OR IGNORE INTO tournament_participants (tournament_id, user_id, seed, created_at) VALUES ('tournament-seed-3', 'user-seed-3', 2, datetime('now'));
INSERT OR IGNORE INTO tournament_participants (tournament_id, user_id, seed, created_at) VALUES ('tournament-seed-3', 'user-seed-4', 3, datetime('now'));
INSERT OR IGNORE INTO tournament_participants (tournament_id, user_id, seed, created_at) VALUES ('tournament-seed-3', 'user-seed-5', 4, datetime('now'));
INSERT OR IGNORE INTO tournament_participants (tournament_id, user_id, seed, created_at) VALUES ('tournament-seed-3', 'user-seed-6', 5, datetime('now'));
INSERT OR IGNORE INTO tournament_participants (tournament_id, user_id, seed, created_at) VALUES ('tournament-seed-3', 'user-seed-7', 6, datetime('now'));
INSERT OR IGNORE INTO tournament_participants (tournament_id, user_id, seed, created_at) VALUES ('tournament-seed-3', 'user-seed-8', 7, datetime('now'));
INSERT OR IGNORE INTO tournament_participants (tournament_id, user_id, seed, created_at) VALUES ('tournament-seed-3', 'user-seed-9', 8, datetime('now'));
INSERT OR IGNORE INTO tournaments (id, name, admin_id, status, created_at) VALUES ('tournament-seed-4', 'Seed Tournament 4', 'user-demo-4', 'in_progress', datetime('now', '-9 days'));
INSERT OR IGNORE INTO tournament_participants (tournament_id, user_id, seed, created_at) VALUES ('tournament-seed-4', 'user-seed-4', 1, datetime('now'));
INSERT OR IGNORE INTO tournament_participants (tournament_id, user_id, seed, created_at) VALUES ('tournament-seed-4', 'user-seed-5', 2, datetime('now'));
INSERT OR IGNORE INTO tournament_participants (tournament_id, user_id, seed, created_at) VALUES ('tournament-seed-4', 'user-seed-6', 3, datetime('now'));
